Log Time,Bat,kerberos
2025-02-15 14:38:12,4.02
2025-02-15 14:38:42,4.08
2025-02-15 14:39:13,4
2025-02-15 14:39:43,4.01
2025-02-15 14:40:15,4.13
2025-02-15 14:40:47,4.01
2025-02-15 14:41:19,4.02
2025-02-15 14:41:52,4
2025-02-15 14:42:24,4
2025-02-15 14:42:56,4
2025-02-15 14:43:28,4.01
2025-02-15 14:44:00,4.02
2025-02-15 14:44:32,4.01
2025-02-15 14:45:05,4.03
2025-02-15 14:45:37,4.11
2025-02-15 14:46:09,4.01
2025-02-15 14:46:42,4
2025-02-15 14:47:14,4
2025-02-15 14:47:46,4
2025-02-15 14:48:18,4.02
2025-02-15 14:48:51,4.01
2025-02-15 14:49:23,4.02
2025-02-15 14:49:55,4.01
2025-02-15 14:50:28,4.03
2025-02-15 14:51:00,4.02
2025-02-15 14:51:32,4
2025-02-15 14:52:05,4.01
2025-02-15 14:52:37,4.01
2025-02-15 14:53:09,4.01
2025-02-15 14:53:42,4.01
2025-02-15 14:54:14,4.01
2025-02-15 14:54:46,3.99
2025-02-15 14:55:18,4.11
2025-02-15 14:55:50,4.11
2025-02-15 14:56:23,4.01
2025-02-15 14:56:55,4
2025-02-15 14:57:27,4
2025-02-15 14:58:00,4.1
2025-02-15 14:58:32,4.11
2025-02-15 14:59:04,4.1
2025-02-15 14:59:36,4
2025-02-15 15:00:09,4
2025-02-15 15:00:41,4.01
2025-02-15 15:01:13,4.01
2025-02-15 15:01:45,4.01
2025-02-15 15:02:17,4
2025-02-15 15:02:50,4
2025-02-15 15:03:22,4
2025-02-15 15:03:54,4
2025-02-15 15:04:26,4.01
2025-02-15 15:04:59,4
2025-02-15 15:05:31,4.01
2025-02-15 15:06:03,3.98
2025-02-15 15:06:35,3.99
2025-02-15 15:07:08,4.01
2025-02-15 15:07:40,4.01
2025-02-15 15:08:12,4
2025-02-15 15:08:45,4.02
2025-02-15 15:09:17,4
2025-02-15 15:09:49,4.11
2025-02-15 15:10:21,4.1
2025-02-15 15:10:54,4.11
2025-02-15 15:11:26,3.99
2025-02-15 15:11:58,4
2025-02-15 15:12:30,4
2025-02-15 15:13:03,3.99
2025-02-15 15:13:35,3.99
2025-02-15 15:14:07,4
2025-02-15 15:14:40,3.99
2025-02-15 15:15:12,3.99
2025-02-15 15:15:44,3.99
2025-02-15 15:16:17,3.99
2025-02-15 15:16:49,4
2025-02-15 15:17:21,4
2025-02-15 15:17:53,4
2025-02-15 15:18:26,4
2025-02-15 15:18:58,4
2025-02-15 15:19:30,4.01
2025-02-15 15:20:02,4.1
2025-02-15 15:20:34,4.1
2025-02-15 15:21:06,4.09
2025-02-15 15:21:38,4
2025-02-15 15:22:11,4
2025-02-15 15:22:43,4
2025-02-15 15:23:16,4
2025-02-15 15:23:48,3.99
2025-02-15 15:24:20,4.09
2025-02-15 15:24:52,4
2025-02-15 15:25:24,3.99
2025-02-15 15:25:57,4
2025-02-15 15:26:29,3.99
2025-02-15 15:27:01,4
2025-02-15 15:27:33,4
2025-02-15 15:28:06,4
2025-02-15 15:28:38,4
2025-02-15 15:29:10,4.09
2025-02-15 15:29:42,4.1
2025-02-15 15:30:14,4.09
2025-02-15 15:30:47,4.1
2025-02-15 15:31:19,3.99
2025-02-15 15:31:51,3.98
2025-02-15 15:32:23,4
2025-02-15 15:32:55,4.09
2025-02-15 15:33:28,4.08
2025-02-15 15:34:00,4.08
2025-02-15 15:34:32,3.98
2025-02-15 15:35:04,3.99
2025-02-15 15:35:36,3.99
2025-02-15 15:36:08,3.99
2025-02-15 15:36:41,4
2025-02-15 15:37:13,4
2025-02-15 15:37:46,4.09
2025-02-15 15:38:18,3.99
2025-02-15 15:38:50,3.99
2025-02-15 15:39:23,4.09
2025-02-15 15:39:55,3.99
2025-02-15 15:40:27,3.98
2025-02-15 15:40:59,3.98
2025-02-15 15:41:32,4
2025-02-15 15:42:04,3.99
2025-02-15 15:42:36,3.99
2025-02-15 15:43:08,3.99
2025-02-15 15:43:41,3.99
2025-02-15 15:44:13,3.98
2025-02-15 15:44:45,4.1
2025-02-15 15:45:17,3.99
2025-02-15 15:45:50,3.99
2025-02-15 15:46:22,3.99
2025-02-15 15:46:54,3.99
2025-02-15 15:47:26,4.1
2025-02-15 15:47:58,3.99
2025-02-15 15:48:30,4.08
2025-02-15 15:49:03,3.99
2025-02-15 15:49:35,4
2025-02-15 15:50:07,4
2025-02-15 15:50:40,3.97
2025-02-15 15:51:12,4.09
2025-02-15 15:51:44,3.98
2025-02-15 15:52:17,3.98
2025-02-15 15:52:49,4.09
2025-02-15 15:53:21,3.99
2025-02-15 15:53:53,3.98
2025-02-15 15:54:25,3.98
2025-02-15 15:54:58,3.99
2025-02-15 15:55:30,4.1
2025-02-15 15:56:02,3.98
2025-02-15 15:56:35,3.98
2025-02-15 15:57:07,3.97
2025-02-15 15:57:39,3.98
2025-02-15 15:58:11,4
2025-02-15 15:58:44,3.99
2025-02-15 15:59:16,4.08
2025-02-15 15:59:48,3.98
2025-02-15 16:00:21,3.97
2025-02-15 16:00:53,3.97
2025-02-15 16:01:25,4.07
2025-02-15 16:01:57,4.08
2025-02-15 16:02:29,4.07
2025-02-15 16:03:02,3.98
2025-02-15 16:03:34,3.98
2025-02-15 16:04:06,3.96
2025-02-15 16:04:38,3.97
2025-02-15 16:05:11,3.98
2025-02-15 16:05:43,3.97
2025-02-15 16:06:15,3.98
2025-02-15 16:06:47,3.96
2025-02-15 16:07:19,3.97
2025-02-15 16:07:52,3.98
2025-02-15 16:08:24,3.97
2025-02-15 16:08:56,3.97
2025-02-15 16:09:29,3.97
2025-02-15 16:10:01,4.08
2025-02-15 16:10:33,3.97
2025-02-15 16:11:06,3.97
2025-02-15 16:11:38,3.97
2025-02-15 16:12:10,3.96
2025-02-15 16:12:43,3.97
2025-02-15 16:13:15,3.98
2025-02-15 16:13:47,3.97
2025-02-15 16:14:19,3.97
2025-02-15 16:14:51,4.05
2025-02-15 16:15:23,4.06
2025-02-15 16:15:56,3.97
2025-02-15 16:16:28,4.08
2025-02-15 16:17:00,3.97
2025-02-15 16:17:32,3.97
2025-02-15 16:18:04,3.97
2025-02-15 16:18:37,3.97
2025-02-15 16:19:09,3.96
2025-02-15 16:19:41,3.97
2025-02-15 16:20:13,3.96
2025-02-15 16:20:46,4.07
2025-02-15 16:21:18,4.07
2025-02-15 16:21:50,3.96
2025-02-15 16:22:22,3.97
2025-02-15 16:22:54,3.97
2025-02-15 16:23:27,3.97
2025-02-15 16:24:00,3.96
2025-02-15 16:24:32,3.96
2025-02-15 16:25:05,4.06
2025-02-15 16:25:37,3.96
2025-02-15 16:26:09,3.97
2025-02-15 16:26:42,3.96
2025-02-15 16:27:14,3.97
2025-02-15 16:27:46,3.97
2025-02-15 16:28:18,3.96
2025-02-15 16:28:51,3.97
2025-02-15 16:29:23,3.95
2025-02-15 16:29:55,3.96
2025-02-15 16:30:27,3.97
2025-02-15 16:31:00,3.96
2025-02-15 16:31:32,3.96
2025-02-15 16:32:04,3.96
2025-02-15 16:32:36,4.05
2025-02-15 16:33:09,4.06
2025-02-15 16:33:41,4.06
2025-02-15 16:34:13,3.97
2025-02-15 16:34:45,3.96
2025-02-15 16:35:18,3.96
2025-02-15 16:35:50,3.96
2025-02-15 16:36:22,3.97
2025-02-15 16:36:54,3.96
2025-02-15 16:37:27,3.98
2025-02-15 16:37:59,4.06
2025-02-15 16:38:31,3.96
2025-02-15 16:39:04,3.95
2025-02-15 16:39:36,3.96
2025-02-15 16:40:08,3.96
2025-02-15 16:40:40,4.06
2025-02-15 16:41:13,3.96
2025-02-15 16:41:45,3.96
2025-02-15 16:42:17,3.97
2025-02-15 16:42:50,3.96
2025-02-15 16:43:22,3.94
2025-02-15 16:43:54,3.96
2025-02-15 16:44:26,3.96
2025-02-15 16:44:59,3.96
2025-02-15 16:45:31,3.94
2025-02-15 16:46:03,3.95
2025-02-15 16:46:36,3.96
2025-02-15 16:47:08,3.97
2025-02-15 16:47:40,3.94
2025-02-15 16:48:12,3.96
2025-02-15 16:48:44,3.98
2025-02-15 16:49:17,3.96
2025-02-15 16:49:49,3.96
2025-02-15 16:50:21,3.96
2025-02-15 16:50:54,3.97
2025-02-15 16:51:26,3.96
2025-02-15 16:51:58,3.95
2025-02-15 16:52:31,3.96
2025-02-15 16:53:03,3.96
2025-02-15 16:53:35,3.94
2025-02-15 16:54:07,3.96
2025-02-15 16:54:40,3.96
2025-02-15 16:55:12,3.96
2025-02-15 16:55:44,3.95
2025-02-15 16:56:16,3.96
2025-02-15 16:56:49,3.94
2025-02-15 16:57:21,3.95
2025-02-15 16:57:53,3.95
2025-02-15 16:58:26,3.96
2025-02-15 16:58:58,3.96
2025-02-15 16:59:30,3.96
2025-02-15 17:00:03,3.96
2025-02-15 17:00:35,3.96
2025-02-15 17:01:07,3.95
2025-02-15 17:01:39,3.96
2025-02-15 17:02:12,3.96
2025-02-15 17:02:44,3.97
2025-02-15 17:03:16,3.96
2025-02-15 17:03:48,3.95
2025-02-15 17:04:21,3.96
2025-02-15 17:04:53,3.95
2025-02-15 17:05:25,3.94
2025-02-15 17:05:58,4.06
2025-02-15 17:06:30,3.96
2025-02-15 17:07:02,3.94
2025-02-15 17:07:34,3.95
2025-02-15 17:08:06,3.96
2025-02-15 17:08:39,3.94
2025-02-15 17:09:11,4.04
2025-02-15 17:09:43,3.94
2025-02-15 17:10:15,3.94
2025-02-15 17:10:48,3.94
2025-02-15 17:11:20,4.05
2025-02-15 17:11:52,4.04
2025-02-15 17:12:24,4.05
2025-02-15 17:12:57,4.05
2025-02-15 17:13:29,4.04
2025-02-15 17:14:01,4.05
2025-02-15 17:14:33,4.05
2025-02-15 17:15:05,4.05
2025-02-15 17:15:37,4.05
2025-02-15 17:16:10,3.94
2025-02-15 17:16:42,3.95
2025-02-15 17:17:14,3.94
2025-02-15 17:17:46,3.94
2025-02-15 17:18:19,3.94
2025-02-15 17:18:51,3.94
2025-02-15 17:19:23,3.95
2025-02-15 17:19:55,3.94
2025-02-15 17:20:28,3.95
2025-02-15 17:21:00,3.94
2025-02-15 17:21:32,3.94
2025-02-15 17:22:05,3.94
2025-02-15 17:22:37,3.94
2025-02-15 17:23:09,3.94
2025-02-15 17:23:42,3.93
2025-02-15 17:24:14,3.94
2025-02-15 17:24:46,3.93
2025-02-15 17:25:18,3.94
2025-02-15 17:25:51,3.94
2025-02-15 17:26:23,3.94
2025-02-15 17:26:55,3.95
2025-02-15 17:27:28,3.93
2025-02-15 17:28:00,3.94
2025-02-15 17:28:32,4.03
2025-02-15 17:29:04,3.94
2025-02-15 17:29:37,4.04
2025-02-15 17:30:09,4.04
2025-02-15 17:30:41,3.93
2025-02-15 17:31:13,3.93
2025-02-15 17:31:46,3.94
2025-02-15 17:32:18,3.92
2025-02-15 17:32:50,3.94
2025-02-15 17:33:22,4.03
2025-02-15 17:33:54,3.93
2025-02-15 17:34:27,3.93
2025-02-15 17:34:59,3.94
2025-02-15 17:35:31,4.05
2025-02-15 17:36:03,4.03
2025-02-15 17:36:35,3.95
2025-02-15 17:37:08,3.94
2025-02-15 17:37:40,3.93
2025-02-15 17:38:12,3.93
2025-02-15 17:38:44,3.93
2025-02-15 17:39:17,3.93
2025-02-15 17:39:49,3.94
2025-02-15 17:40:21,3.94
2025-02-15 17:40:54,3.93
2025-02-15 17:41:26,3.94
2025-02-15 17:41:58,3.93
2025-02-15 17:42:30,3.93
2025-02-15 17:43:02,3.93
2025-02-15 17:43:35,4.03
2025-02-15 17:44:07,3.94
2025-02-15 17:44:39,3.93
2025-02-15 17:45:11,4.03
2025-02-15 17:45:44,3.94
2025-02-15 17:46:16,3.93
2025-02-15 17:46:48,3.91
2025-02-15 17:47:20,3.93
2025-02-15 17:47:53,3.92
2025-02-15 17:48:25,3.92
2025-02-15 17:48:57,4.03
2025-02-15 17:49:30,3.93
2025-02-15 17:50:02,3.94
2025-02-15 17:50:34,3.93
2025-02-15 17:51:06,3.93
2025-02-15 17:51:38,3.93
2025-02-15 17:52:11,4.03
2025-02-15 17:52:43,4.03
2025-02-15 17:53:15,4.03
2025-02-15 17:53:47,3.93
2025-02-15 17:54:20,3.94
2025-02-15 17:54:52,3.93
2025-02-15 17:55:24,4.03
2025-02-15 17:55:57,3.92
2025-02-15 17:56:29,3.93
2025-02-15 17:57:01,3.91
2025-02-15 17:57:33,3.93
2025-02-15 17:58:06,3.93
2025-02-15 17:58:38,3.92
2025-02-15 17:59:10,3.93
2025-02-15 17:59:42,3.93
2025-02-15 18:00:14,4.03
2025-02-15 18:00:46,4.02
2025-02-15 18:01:19,3.92
2025-02-15 18:01:51,3.93
2025-02-15 18:02:23,3.92
2025-02-15 18:02:56,3.92
2025-02-15 18:03:28,4.04
2025-02-15 18:04:00,4.03
2025-02-15 18:04:32,3.92
2025-02-15 18:05:05,4.03
2025-02-15 18:05:37,3.91
2025-02-15 18:06:09,3.91
2025-02-15 18:06:41,3.91
2025-02-15 18:07:14,3.94
2025-02-15 18:07:46,3.93
2025-02-15 18:08:18,4.02
2025-02-15 18:08:50,3.93
2025-02-15 18:09:22,3.92
2025-02-15 18:09:55,3.91
2025-02-15 18:10:27,3.93
2025-02-15 18:10:59,3.94
2025-02-15 18:11:31,3.92
2025-02-15 18:12:04,3.92
2025-02-15 18:12:36,3.92
2025-02-15 18:13:10,3.91
2025-02-15 18:13:42,3.92
2025-02-15 18:14:15,3.91
2025-02-15 18:14:47,4.02
2025-02-15 18:15:19,4.02
2025-02-15 18:15:51,3.91
2025-02-15 18:16:24,3.92
2025-02-15 18:16:56,3.92
2025-02-15 18:17:28,3.91
2025-02-15 18:18:00,3.93
2025-02-15 18:18:32,4.02
2025-02-15 18:19:05,4.01
2025-02-15 18:19:37,3.93
2025-02-15 18:20:09,3.93
2025-02-15 18:20:41,4.01
2025-02-15 18:21:14,4.02
2025-02-15 18:21:46,4.01
2025-02-15 18:22:18,3.93
2025-02-15 18:22:50,3.92
2025-02-15 18:23:22,4.02
2025-02-15 18:23:55,4.02
2025-02-15 18:24:27,3.93
2025-02-15 18:24:59,4.02
2025-02-15 18:25:32,3.91
2025-02-15 18:26:04,3.92
2025-02-15 18:26:37,3.91
2025-02-15 18:27:09,3.93
2025-02-15 18:27:41,3.91
2025-02-15 18:28:14,3.91
2025-02-15 18:28:46,3.92
2025-02-15 18:29:18,3.91
2025-02-15 18:29:51,3.91
2025-02-15 18:30:23,3.9
2025-02-15 18:30:55,3.91
2025-02-15 18:31:28,4.02
2025-02-15 18:32:00,3.93
2025-02-15 18:32:32,3.91
2025-02-15 18:33:05,3.91
2025-02-15 18:33:37,3.91
2025-02-15 18:34:10,3.91
2025-02-15 18:34:42,4.01
2025-02-15 18:35:14,3.91
2025-02-15 18:35:47,3.92
2025-02-15 18:36:19,3.9
2025-02-15 18:36:51,3.91
2025-02-15 18:37:23,3.92
2025-02-15 18:37:56,3.91
2025-02-15 18:38:28,3.9
2025-02-15 18:39:00,3.91
2025-02-15 18:39:33,3.91
2025-02-15 18:40:05,3.92
2025-02-15 18:40:37,3.91
2025-02-15 18:41:09,4.01
2025-02-15 18:41:42,3.9
2025-02-15 18:42:14,3.91
2025-02-15 18:42:46,3.91
2025-02-15 18:43:19,3.9
2025-02-15 18:43:51,3.91
2025-02-15 18:44:23,4.01
2025-02-15 18:44:56,3.91
2025-02-15 18:45:28,3.91
2025-02-15 18:46:00,3.9
2025-02-15 18:46:32,4.01
2025-02-15 18:47:05,4
2025-02-15 18:47:37,4.01
2025-02-15 18:48:09,3.9
2025-02-15 18:48:41,4.01
2025-02-15 18:49:13,3.91
2025-02-15 18:49:46,3.92
2025-02-15 18:50:18,3.91
2025-02-15 18:50:50,3.91
2025-02-15 18:51:23,3.92
2025-02-15 18:51:55,3.9
2025-02-15 18:52:27,3.91
2025-02-15 18:52:59,3.91
2025-02-15 18:53:31,3.91
2025-02-15 18:54:04,3.91
2025-02-15 18:54:36,3.91
2025-02-15 18:55:08,3.9
2025-02-15 18:55:40,4
2025-02-15 18:56:12,4.02
2025-02-15 18:56:44,3.99
2025-02-15 18:57:16,3.9
2025-02-15 18:57:49,3.91
2025-02-15 18:58:21,3.9
2025-02-15 18:58:53,3.91
2025-02-15 18:59:26,4
2025-02-15 18:59:58,3.9
2025-02-15 19:00:30,3.89
2025-02-15 19:01:02,3.9
2025-02-15 19:01:34,3.91
2025-02-15 19:02:06,4.01
2025-02-15 19:02:38,4
2025-02-15 19:03:11,4.01
2025-02-15 19:03:43,3.89
2025-02-15 19:04:15,3.9
2025-02-15 19:04:47,3.9
2025-02-15 19:05:19,3.88
2025-02-15 19:05:52,3.9
2025-02-15 19:06:24,3.9
2025-02-15 19:06:56,3.89
2025-02-15 19:07:30,3.89
2025-02-15 19:08:02,3.9
2025-02-15 19:08:35,3.89
2025-02-15 19:09:07,4
2025-02-15 19:09:39,3.9
2025-02-15 19:10:11,3.89
2025-02-15 19:10:43,4
2025-02-15 19:11:16,4
2025-02-15 19:11:48,4.01
2025-02-15 19:12:20,3.99
2025-02-15 19:12:52,3.91
2025-02-15 19:13:25,3.9
2025-02-15 19:13:57,3.9
2025-02-15 19:14:29,3.89
2025-02-15 19:15:01,4
2025-02-15 19:15:33,4
2025-02-15 19:16:06,4.01
2025-02-15 19:16:39,3.9
2025-02-15 19:17:11,3.89
2025-02-15 19:17:44,3.88
2025-02-15 19:18:16,3.9
2025-02-15 19:18:48,3.9
2025-02-15 19:19:21,3.89
2025-02-15 19:19:53,3.88
2025-02-15 19:20:25,3.89
2025-02-15 19:20:57,3.89
2025-02-15 19:21:30,4
2025-02-15 19:22:02,3.99
2025-02-15 19:22:34,3.9
2025-02-15 19:23:06,3.9
2025-02-15 19:23:39,3.87
2025-02-15 19:24:11,3.89
2025-02-15 19:24:43,3.88
2025-02-15 19:25:15,3.89
2025-02-15 19:25:48,3.89
2025-02-15 19:26:20,3.89
2025-02-15 19:26:52,3.89
2025-02-15 19:27:25,3.88
2025-02-15 19:27:57,3.9
2025-02-15 19:28:29,3.89
2025-02-15 19:29:02,3.9
2025-02-15 19:29:34,3.88
2025-02-15 19:30:06,3.88
2025-02-15 19:30:38,3.89
2025-02-15 19:31:11,3.88
2025-02-15 19:31:43,3.88
2025-02-15 19:32:15,3.89
2025-02-15 19:32:48,3.99
2025-02-15 19:33:20,4
2025-02-15 19:33:52,3.88
2025-02-15 19:34:25,3.89
2025-02-15 19:34:57,3.9
2025-02-15 19:35:29,3.89
2025-02-15 19:36:01,3.9
2025-02-15 19:36:34,3.88
2025-02-15 19:37:06,3.9
2025-02-15 19:37:38,3.98
2025-02-15 19:38:11,3.89
2025-02-15 19:38:43,3.88
2025-02-15 19:39:15,3.9
2025-02-15 19:39:47,3.9
2025-02-15 19:40:20,3.9
2025-02-15 19:40:52,3.98
2025-02-15 19:41:25,3.89
2025-02-15 19:41:57,3.9
2025-02-15 19:42:29,3.89
2025-02-15 19:43:01,3.88
2025-02-15 19:43:34,3.88
2025-02-15 19:44:16,3.88
2025-02-15 19:44:48,3.88
2025-02-15 19:45:20,3.88
2025-02-15 19:45:52,3.88
2025-02-15 19:46:25,3.88
2025-02-15 19:46:57,3.88
2025-02-15 19:47:29,3.98
2025-02-15 19:48:02,3.88
2025-02-15 19:48:34,3.88
2025-02-15 19:49:06,3.99
2025-02-15 19:49:38,3.88
2025-02-15 19:50:11,3.87
2025-02-15 19:50:43,3.98
2025-02-15 19:51:15,3.89
2025-02-15 19:51:47,3.88
2025-02-15 19:52:19,3.88
2025-02-15 19:52:52,3.88
2025-02-15 19:53:24,3.88
2025-02-15 19:53:56,3.87
2025-02-15 19:54:29,3.99
2025-02-15 19:55:01,3.97
2025-02-15 19:55:33,3.88
2025-02-15 19:56:05,3.88
2025-02-15 19:56:38,3.88
2025-02-15 19:57:10,3.88
2025-02-15 19:57:42,3.88
2025-02-15 19:58:15,3.87
2025-02-15 19:58:47,3.88
2025-02-15 19:59:19,3.88
2025-02-15 19:59:51,3.88
2025-02-15 20:00:24,3.86
2025-02-15 20:00:56,3.87
2025-02-15 20:01:28,3.88
2025-02-15 20:02:00,3.98
2025-02-15 20:02:33,3.97
2025-02-15 20:03:05,3.97
2025-02-15 20:03:37,3.97
2025-02-15 20:04:09,3.87
2025-02-15 20:04:41,3.87
2025-02-15 20:05:13,3.88
2025-02-15 20:05:46,3.88
2025-02-15 20:06:18,3.87
2025-02-15 20:06:51,3.87
2025-02-15 20:07:23,3.97
2025-02-15 20:07:55,3.87
2025-02-15 20:08:27,3.88
2025-02-15 20:08:59,3.98
2025-02-15 20:09:32,3.97
2025-02-15 20:10:04,3.86
2025-02-15 20:10:36,3.88
2025-02-15 20:11:09,3.87
2025-02-15 20:11:41,3.87
2025-02-15 20:12:13,3.97
2025-02-15 20:12:45,3.87
2025-02-15 20:13:17,3.96
2025-02-15 20:13:50,3.88
2025-02-15 20:14:22,3.86
2025-02-15 20:14:54,3.97
2025-02-15 20:15:27,3.87
2025-02-15 20:15:59,3.87
2025-02-15 20:16:31,3.98
2025-02-15 20:17:04,3.86
2025-02-15 20:17:36,3.87
2025-02-15 20:18:08,3.86
2025-02-15 20:18:41,3.87
2025-02-15 20:19:13,3.87
2025-02-15 20:19:45,3.86
2025-02-15 20:20:17,3.87
2025-02-15 20:20:50,3.96
2025-02-15 20:21:22,3.86
2025-02-15 20:21:54,3.86
2025-02-15 20:22:27,3.87
2025-02-15 20:22:59,3.86
2025-02-15 20:23:31,3.86
2025-02-15 20:24:03,3.87
2025-02-15 20:24:36,3.97
2025-02-15 20:25:08,3.97
2025-02-15 20:25:40,3.87
2025-02-15 20:26:12,3.87
2025-02-15 20:26:45,3.87
2025-02-15 20:27:17,3.86
2025-02-15 20:27:49,3.87
2025-02-15 20:28:22,3.87
2025-02-15 20:28:54,3.87
2025-02-15 20:29:26,3.86
2025-02-15 20:29:59,3.97
2025-02-15 20:30:31,3.86
2025-02-15 20:31:03,3.87
2025-02-15 20:31:36,3.97
2025-02-15 20:32:08,3.86
2025-02-15 20:32:40,3.86
2025-02-15 20:33:12,3.86
2025-02-15 20:33:45,3.87
2025-02-15 20:34:17,3.86
2025-02-15 20:34:49,3.88
2025-02-15 20:35:21,3.86
2025-02-15 20:35:54,3.96
2025-02-15 20:36:26,3.96
2025-02-15 20:36:58,3.86
2025-02-15 20:37:31,3.87
2025-02-15 20:38:03,3.86
2025-02-15 20:38:35,3.85
2025-02-15 20:39:08,3.87
2025-02-15 20:39:40,3.96
2025-02-15 20:40:12,3.86
2025-02-15 20:40:44,3.86
2025-02-15 20:41:16,3.86
2025-02-15 20:41:49,3.87
2025-02-15 20:42:21,3.84
2025-02-15 20:42:53,3.86
2025-02-15 20:43:25,3.85
2025-02-15 20:43:57,3.85
2025-02-15 20:44:29,3.97
2025-02-15 20:45:02,3.86
2025-02-15 20:45:34,3.85
2025-02-15 20:46:06,3.86
2025-02-15 20:46:39,3.86
2025-02-15 20:47:11,3.85
2025-02-15 20:47:43,3.86
2025-02-15 20:48:15,3.85
2025-02-15 20:48:48,3.86
2025-02-15 20:49:20,3.84
2025-02-15 20:49:52,3.85
2025-02-15 20:50:25,3.84
2025-02-15 20:50:57,3.87
2025-02-15 20:51:29,3.86
2025-02-15 20:52:01,3.86
2025-02-15 20:52:33,3.85
2025-02-15 20:53:06,3.85
2025-02-15 20:53:38,3.85
2025-02-15 20:54:10,3.84
2025-02-15 20:54:42,3.96
2025-02-15 20:55:15,3.97
2025-02-15 20:55:47,3.86
2025-02-15 20:56:19,3.86
2025-02-15 20:56:51,3.85
2025-02-15 20:57:23,3.85
2025-02-15 20:57:55,3.84
2025-02-15 20:58:28,3.85
2025-02-15 20:59:00,3.85
2025-02-15 20:59:32,3.85
2025-02-15 21:00:04,3.85
2025-02-15 21:00:36,3.84
2025-02-15 21:01:09,3.87
2025-02-15 21:01:41,3.86
2025-02-15 21:02:13,3.85
2025-02-15 21:02:45,3.84
2025-02-15 21:03:17,3.84
2025-02-15 21:03:50,3.86
2025-02-15 21:04:22,3.85
2025-02-15 21:04:55,3.85
2025-02-15 21:05:27,3.94
2025-02-15 21:05:59,3.95
2025-02-15 21:06:31,3.85
2025-02-15 21:07:03,3.85
2025-02-15 21:07:36,3.85
2025-02-15 21:08:08,3.94
2025-02-15 21:08:40,3.85
2025-02-15 21:09:12,3.85
2025-02-15 21:09:45,3.83
2025-02-15 21:10:17,3.85
2025-02-15 21:10:49,3.86
2025-02-15 21:11:21,3.85
2025-02-15 21:11:54,3.85
2025-02-15 21:12:26,3.85
2025-02-15 21:12:58,3.84
2025-02-15 21:13:30,3.85
2025-02-15 21:14:03,3.86
2025-02-15 21:14:35,3.94
2025-02-15 21:15:07,3.83
2025-02-15 21:15:40,3.85
2025-02-15 21:16:12,3.85
2025-02-15 21:16:44,3.85
2025-02-15 21:17:16,3.85
2025-02-15 21:17:48,3.84
2025-02-15 21:18:21,3.85
2025-02-15 21:18:53,3.84
2025-02-15 21:19:25,3.84
2025-02-15 21:19:58,3.85
2025-02-15 21:20:30,3.85
2025-02-15 21:21:02,3.85
2025-02-15 21:21:34,3.85
2025-02-15 21:22:07,3.83
2025-02-15 21:22:39,3.85
2025-02-15 21:23:11,3.85
2025-02-15 21:23:45,3.85
2025-02-15 21:24:17,3.84
2025-02-15 21:24:50,3.94
2025-02-15 21:25:22,3.85
2025-02-15 21:25:54,3.83
2025-02-15 21:26:26,3.85
2025-02-15 21:26:59,3.83
2025-02-15 21:27:31,3.95
2025-02-15 21:28:03,3.85
2025-02-15 21:28:36,3.84
2025-02-15 21:29:08,3.85
2025-02-15 21:29:40,3.84
2025-02-15 21:30:12,3.84
2025-02-15 21:30:45,3.81
2025-02-15 21:31:17,3.84
2025-02-15 21:31:49,3.85
2025-02-15 21:32:21,3.84
2025-02-15 21:32:54,3.83
2025-02-15 21:33:26,3.85
2025-02-15 21:33:58,3.82
2025-02-15 21:34:30,3.83
2025-02-15 21:35:03,3.94
2025-02-15 21:35:35,3.84
2025-02-15 21:36:07,3.83
2025-02-15 21:36:39,3.85
2025-02-15 21:37:12,3.84
2025-02-15 21:37:44,3.85
2025-02-15 21:38:16,3.84
2025-02-15 21:38:48,3.84
2025-02-15 21:39:21,3.85
2025-02-15 21:39:53,3.85
2025-02-15 21:40:25,3.82
2025-02-15 21:40:58,3.94
2025-02-15 21:41:30,3.95
2025-02-15 21:42:02,3.83
2025-02-15 21:42:34,3.83
2025-02-15 21:43:07,3.85
2025-02-15 21:43:39,3.82
2025-02-15 21:44:11,3.94
2025-02-15 21:44:43,3.92
2025-02-15 21:45:15,3.85
2025-02-15 21:45:48,3.84
2025-02-15 21:46:20,3.82
2025-02-15 21:46:52,3.82
2025-02-15 21:47:24,3.83
2025-02-15 21:47:57,3.83
2025-02-15 21:48:29,3.84
2025-02-15 21:49:01,3.92
2025-02-15 21:49:34,3.82
2025-02-15 21:50:06,3.83
2025-02-15 21:50:38,3.95
2025-02-15 21:51:10,3.93
2025-02-15 21:51:43,3.83
2025-02-15 21:52:15,3.83
2025-02-15 21:52:47,3.83
2025-02-15 21:53:20,3.83
2025-02-15 21:53:52,3.83
2025-02-15 21:54:24,3.83
2025-02-15 21:54:56,3.83
2025-02-15 21:55:29,3.82
2025-02-15 21:56:01,3.83
2025-02-15 21:56:33,3.82
2025-02-15 21:57:06,3.83
2025-02-15 21:57:38,3.83
2025-02-15 21:58:10,3.82
2025-02-15 21:58:43,3.84
2025-02-15 21:59:15,3.82
2025-02-15 21:59:47,3.84
2025-02-15 22:00:19,3.83
2025-02-15 22:00:52,3.83
2025-02-15 22:01:24,3.82
2025-02-15 22:01:56,3.83
2025-02-15 22:02:28,3.83
2025-02-15 22:03:01,3.82
2025-02-15 22:03:33,3.84
2025-02-15 22:04:06,3.84
2025-02-15 22:04:38,3.84
2025-02-15 22:05:10,3.82
2025-02-15 22:05:42,3.83
2025-02-15 22:06:14,3.8
2025-02-15 22:06:46,3.83
2025-02-15 22:07:19,3.83
2025-02-15 22:07:51,3.83
2025-02-15 22:08:23,3.83
2025-02-15 22:08:56,3.82
2025-02-15 22:09:29,3.83
2025-02-15 22:10:01,3.92
2025-02-15 22:10:34,3.82
2025-02-15 22:11:06,3.81
2025-02-15 22:11:38,3.82
2025-02-15 22:12:10,3.83
2025-02-15 22:12:42,3.81
2025-02-15 22:13:14,3.81
2025-02-15 22:13:47,3.91
2025-02-15 22:14:19,3.81
2025-02-15 22:14:51,3.83
2025-02-15 22:15:23,3.82
2025-02-15 22:15:56,3.84
2025-02-15 22:16:28,3.82
2025-02-15 22:17:00,3.83
2025-02-15 22:17:33,3.93
2025-02-15 22:18:05,3.93
2025-02-15 22:18:37,3.81
2025-02-15 22:19:09,3.82
2025-02-15 22:19:41,3.82
2025-02-15 22:20:14,3.83
2025-02-15 22:20:46,3.82
2025-02-15 22:21:18,3.83
2025-02-15 22:21:51,3.79
2025-02-15 22:22:23,3.8
2025-02-15 22:22:55,3.83
2025-02-15 22:23:28,3.82
2025-02-15 22:24:00,3.8
2025-02-15 22:24:32,3.83
2025-02-15 22:25:04,3.82
2025-02-15 22:25:36,3.92
2025-02-15 22:26:09,3.83
2025-02-15 22:26:41,3.83
2025-02-15 22:27:13,3.8
2025-02-15 22:27:46,3.82
2025-02-15 22:28:18,3.82
2025-02-15 22:28:50,3.82
2025-02-15 22:29:22,3.81
2025-02-15 22:29:55,3.81
2025-02-15 22:30:28,3.92
2025-02-15 22:31:00,3.91
2025-02-15 22:31:32,3.91
2025-02-15 22:32:04,3.81
2025-02-15 22:32:36,3.8
2025-02-15 22:33:09,3.8
2025-02-15 22:33:42,3.82
2025-02-15 22:34:14,3.83
2025-02-15 22:34:47,3.92
2025-02-15 22:35:20,3.91
2025-02-15 22:35:52,3.82
2025-02-15 22:36:24,3.82
2025-02-15 22:36:57,3.81
2025-02-15 22:37:29,3.82
2025-02-15 22:38:01,3.93
2025-02-15 22:38:34,3.9
2025-02-15 22:39:06,3.81
2025-02-15 22:39:38,3.8
2025-02-15 22:40:10,3.81
2025-02-15 22:40:43,3.91
2025-02-15 22:41:15,3.9
2025-02-15 22:41:47,3.91
2025-02-15 22:42:19,3.81
2025-02-15 22:42:52,3.81
2025-02-15 22:43:24,3.81
2025-02-15 22:43:56,3.8
2025-02-15 22:44:28,3.91
2025-02-15 22:45:01,3.91
2025-02-15 22:45:33,3.8
2025-02-15 22:46:05,3.82
2025-02-15 22:46:38,3.81
2025-02-15 22:47:10,3.8
2025-02-15 22:47:42,3.8
2025-02-15 22:48:14,3.83
2025-02-15 22:48:47,3.8
2025-02-15 22:49:20,3.91
2025-02-15 22:49:52,3.91
2025-02-15 22:50:24,3.81
2025-02-15 22:50:56,3.81
2025-02-15 22:51:29,3.82
2025-02-15 22:52:01,3.8
2025-02-15 22:52:33,3.82
2025-02-15 22:53:05,3.8
2025-02-15 22:53:38,3.93
2025-02-15 22:54:10,3.81
2025-02-15 22:54:42,3.8
2025-02-15 22:55:14,3.8
2025-02-15 22:55:47,3.81
2025-02-15 22:56:19,3.8
2025-02-15 22:56:51,3.81
2025-02-15 22:57:23,3.81
2025-02-15 22:57:56,3.8
2025-02-15 22:58:28,3.89
2025-02-15 22:59:00,3.9
2025-02-15 22:59:33,3.8
2025-02-15 23:00:05,3.82
2025-02-15 23:00:37,3.8
2025-02-15 23:01:09,3.8
2025-02-15 23:01:41,3.81
2025-02-15 23:02:15,3.82
2025-02-15 23:02:47,3.81
2025-02-15 23:03:19,3.8
2025-02-15 23:03:54,3.79
2025-02-15 23:04:36,3.89
2025-02-15 23:05:08,3.8
2025-02-15 23:05:40,3.9
2025-02-15 23:06:13,3.81
2025-02-15 23:06:45,3.91
2025-02-15 23:07:17,3.91
2025-02-15 23:07:49,3.9
2025-02-15 23:08:22,3.81
2025-02-15 23:08:54,3.8
2025-02-15 23:09:26,3.9
2025-02-15 23:09:58,3.8
2025-02-15 23:10:31,3.91
2025-02-15 23:11:03,3.81
2025-02-15 23:11:35,3.79
2025-02-15 23:12:08,3.79
2025-02-15 23:12:40,3.8
2025-02-15 23:13:12,3.8
2025-02-15 23:13:44,3.8
2025-02-15 23:14:16,3.81
2025-02-15 23:14:49,3.79
2025-02-15 23:15:21,3.8
2025-02-15 23:15:53,3.81
2025-02-15 23:16:25,3.79
2025-02-15 23:16:57,3.9
2025-02-15 23:17:29,3.8
2025-02-15 23:18:02,3.79
2025-02-15 23:18:34,3.79
2025-02-15 23:19:06,3.8
2025-02-15 23:19:39,3.8
2025-02-15 23:20:11,3.8
2025-02-15 23:20:43,3.78
2025-02-15 23:21:16,3.9
2025-02-15 23:21:48,3.79
2025-02-15 23:22:20,3.79
2025-02-15 23:22:52,3.8
2025-02-15 23:23:24,3.81
2025-02-15 23:23:57,3.9
2025-02-15 23:24:29,3.89
2025-02-15 23:25:02,3.8
2025-02-15 23:25:34,3.79
2025-02-15 23:26:07,3.8
2025-02-15 23:26:39,3.79
2025-02-15 23:27:11,3.79
2025-02-15 23:27:44,3.79
2025-02-15 23:28:16,3.9
2025-02-15 23:28:48,3.81
2025-02-15 23:29:20,3.8
2025-02-15 23:29:53,3.79
2025-02-15 23:30:25,3.79
2025-02-15 23:30:57,3.79
2025-02-15 23:31:30,3.88
2025-02-15 23:32:02,3.79
2025-02-15 23:32:34,3.79
2025-02-15 23:33:07,3.77
2025-02-15 23:33:39,3.88
2025-02-15 23:34:12,3.88
2025-02-15 23:34:44,3.87
2025-02-15 23:35:16,3.79
2025-02-15 23:35:48,3.79
2025-02-15 23:36:20,3.78
2025-02-15 23:36:53,3.79
2025-02-15 23:37:25,3.8
2025-02-15 23:37:57,3.8
2025-02-15 23:38:30,3.79
2025-02-15 23:39:02,3.78
2025-02-15 23:39:34,3.88
2025-02-15 23:40:07,3.8
2025-02-15 23:40:39,3.8
2025-02-15 23:41:11,3.79
2025-02-15 23:41:44,3.79
2025-02-15 23:42:16,3.79
2025-02-15 23:42:48,3.79
2025-02-15 23:43:20,3.79
2025-02-15 23:43:53,3.79
2025-02-15 23:44:25,3.8
2025-02-15 23:44:57,3.78
2025-02-15 23:45:30,3.79
2025-02-15 23:46:02,3.78
2025-02-15 23:46:34,3.79
2025-02-15 23:47:06,3.78
2025-02-15 23:47:39,3.79
2025-02-15 23:48:11,3.77
2025-02-15 23:48:43,3.78
2025-02-15 23:49:16,3.89
2025-02-15 23:49:48,3.89
2025-02-15 23:50:20,3.79
2025-02-15 23:50:52,3.88
2025-02-15 23:51:24,3.78
2025-02-15 23:51:57,3.79
2025-02-15 23:52:29,3.78
2025-02-15 23:53:02,3.79
2025-02-15 23:53:34,3.79
2025-02-15 23:54:06,3.79
2025-02-15 23:54:38,3.78
2025-02-15 23:55:11,3.77
2025-02-15 23:55:43,3.88
2025-02-15 23:56:15,3.88
2025-02-15 23:56:48,3.79
2025-02-15 23:57:20,3.78
2025-02-15 23:57:52,3.78
2025-02-15 23:58:24,3.79
2025-02-15 23:58:57,3.79
2025-02-15 23:59:29,3.79
2025-02-16 0:00:01,3.89
2025-02-16 0:00:34,3.78
2025-02-16 0:01:06,3.77
2025-02-16 0:01:38,3.79
2025-02-16 0:02:10,3.79
2025-02-16 0:02:42,3.78
2025-02-16 0:03:14,3.75
2025-02-16 0:03:47,3.79
2025-02-16 0:04:19,3.9
2025-02-16 0:04:51,3.79
2025-02-16 0:05:23,3.79
2025-02-16 0:05:55,3.78
2025-02-16 0:06:27,3.87
2025-02-16 0:06:59,3.89
2025-02-16 0:07:32,3.87
2025-02-16 0:08:04,3.77
2025-02-16 0:08:36,3.77
2025-02-16 0:09:08,3.79
2025-02-16 0:09:41,3.78
2025-02-16 0:10:13,3.75
2025-02-16 0:10:45,3.87
2025-02-16 0:11:17,3.79
2025-02-16 0:11:49,3.89
2025-02-16 0:12:21,3.87
2025-02-16 0:12:54,3.88
2025-02-16 0:13:26,3.78
2025-02-16 0:13:58,3.79
2025-02-16 0:14:30,3.78
2025-02-16 0:15:02,3.77
2025-02-16 0:15:35,3.77
2025-02-16 0:16:07,3.87
2025-02-16 0:16:39,3.88
2025-02-16 0:17:11,3.77
2025-02-16 0:17:43,3.79
2025-02-16 0:18:16,3.88
2025-02-16 0:18:48,3.87
2025-02-16 0:19:20,3.77
2025-02-16 0:19:52,3.77
2025-02-16 0:20:24,3.77
2025-02-16 0:20:56,3.78
2025-02-16 0:21:28,3.77
2025-02-16 0:22:00,3.87
2025-02-16 0:22:33,3.87
2025-02-16 0:23:05,3.89
2025-02-16 0:23:37,3.88
2025-02-16 0:24:09,3.86
2025-02-16 0:24:41,3.77
2025-02-16 0:25:13,3.87
2025-02-16 0:25:45,3.77
2025-02-16 0:26:18,3.87
2025-02-16 0:26:50,3.76
2025-02-16 0:27:22,3.76
2025-02-16 0:27:54,3.77
2025-02-16 0:28:26,3.76
2025-02-16 0:28:59,3.77
2025-02-16 0:29:31,3.88
2025-02-16 0:30:03,3.77
2025-02-16 0:30:35,3.77
2025-02-16 0:31:07,3.77
2025-02-16 0:31:39,3.76
2025-02-16 0:32:12,3.76
2025-02-16 0:32:44,3.77
2025-02-16 0:33:16,3.77
2025-02-16 0:33:48,3.87
2025-02-16 0:34:20,3.87
2025-02-16 0:34:53,3.85
2025-02-16 0:35:25,3.76
2025-02-16 0:35:57,3.77
2025-02-16 0:36:29,3.77
2025-02-16 0:37:01,3.77
2025-02-16 0:37:34,3.76
2025-02-16 0:38:07,3.77
2025-02-16 0:38:39,3.87
2025-02-16 0:39:11,3.87
2025-02-16 0:39:44,3.77
2025-02-16 0:40:16,3.76
2025-02-16 0:40:48,3.76
2025-02-16 0:41:20,3.86
2025-02-16 0:41:52,3.76
2025-02-16 0:42:25,3.76
2025-02-16 0:42:57,3.78
2025-02-16 0:43:30,3.78
2025-02-16 0:44:02,3.76
2025-02-16 0:44:34,3.76
2025-02-16 0:45:08,3.86
2025-02-16 0:45:40,3.77
2025-02-16 0:46:12,3.76
2025-02-16 0:46:45,3.77
2025-02-16 0:47:17,3.77
2025-02-16 0:47:49,3.77
2025-02-16 0:48:21,3.86
2025-02-16 0:48:53,3.77
2025-02-16 0:49:25,3.76
2025-02-16 0:49:58,3.86
2025-02-16 0:50:30,3.86
2025-02-16 0:51:02,3.86
2025-02-16 0:51:35,3.86
2025-02-16 0:52:07,3.77
2025-02-16 0:52:39,3.75
2025-02-16 0:53:11,3.77
2025-02-16 0:53:43,3.74
2025-02-16 0:54:15,3.76
2025-02-16 0:54:47,3.87
2025-02-16 0:55:19,3.87
2025-02-16 0:55:52,3.78
2025-02-16 0:56:24,3.76
2025-02-16 0:56:56,3.75
2025-02-16 0:57:28,3.76
2025-02-16 0:58:01,3.76
2025-02-16 0:58:33,3.76
2025-02-16 0:59:05,3.75
2025-02-16 0:59:37,3.75
2025-02-16 1:00:10,3.76
2025-02-16 1:00:43,3.75
2025-02-16 1:01:15,3.76
2025-02-16 1:01:47,3.76
2025-02-16 1:02:19,3.76
2025-02-16 1:02:52,3.77
2025-02-16 1:03:24,3.76
2025-02-16 1:03:56,3.77
2025-02-16 1:04:28,3.76
2025-02-16 1:05:01,3.75
2025-02-16 1:05:33,3.75
2025-02-16 1:06:05,3.75
2025-02-16 1:06:37,3.77
2025-02-16 1:07:09,3.77
2025-02-16 1:07:42,3.74
2025-02-16 1:08:14,3.76
2025-02-16 1:08:46,3.86
2025-02-16 1:09:18,3.76
2025-02-16 1:09:50,3.74
2025-02-16 1:10:22,3.75
2025-02-16 1:10:54,3.76
2025-02-16 1:11:27,3.76
2025-02-16 1:11:59,3.76
2025-02-16 1:12:31,3.75
2025-02-16 1:13:03,3.85
2025-02-16 1:13:36,3.86
2025-02-16 1:14:08,3.86
2025-02-16 1:14:40,3.75
2025-02-16 1:15:12,3.77
2025-02-16 1:15:44,3.74
2025-02-16 1:16:17,3.74
2025-02-16 1:16:49,3.76
2025-02-16 1:17:21,3.75
2025-02-16 1:17:53,3.75
2025-02-16 1:18:25,3.75
2025-02-16 1:18:59,3.75
2025-02-16 1:19:31,3.85
2025-02-16 1:20:03,3.85
2025-02-16 1:20:36,3.74
2025-02-16 1:21:08,3.75
2025-02-16 1:21:40,3.75
2025-02-16 1:22:12,3.85
2025-02-16 1:22:44,3.85
2025-02-16 1:23:17,3.75
2025-02-16 1:23:49,3.75
2025-02-16 1:24:21,3.74
2025-02-16 1:24:53,3.75
2025-02-16 1:25:27,3.75
2025-02-16 1:25:59,3.74
2025-02-16 1:26:31,3.74
2025-02-16 1:27:03,3.74
2025-02-16 1:27:36,3.85
2025-02-16 1:28:08,3.75
2025-02-16 1:28:41,3.74
2025-02-16 1:29:13,3.74
2025-02-16 1:29:45,3.75
2025-02-16 1:30:17,3.76
2025-02-16 1:30:50,3.74
2025-02-16 1:31:22,3.75
2025-02-16 1:31:54,3.74
2025-02-16 1:32:26,3.73
2025-02-16 1:32:58,3.76
2025-02-16 1:33:30,3.84
2025-02-16 1:34:03,3.84
2025-02-16 1:34:35,3.83
2025-02-16 1:35:07,3.74
2025-02-16 1:35:40,3.74
2025-02-16 1:36:12,3.74
2025-02-16 1:36:44,3.74
2025-02-16 1:37:16,3.74
2025-02-16 1:37:49,3.74
2025-02-16 1:38:21,3.85
2025-02-16 1:38:53,3.74
2025-02-16 1:39:25,3.84
2025-02-16 1:39:57,3.85
2025-02-16 1:40:30,3.85
2025-02-16 1:41:02,3.75
2025-02-16 1:41:34,3.74
2025-02-16 1:42:06,3.75
2025-02-16 1:42:39,3.73
2025-02-16 1:43:11,3.74
2025-02-16 1:43:43,3.84
2025-02-16 1:44:16,3.85
2025-02-16 1:44:48,3.73
2025-02-16 1:45:20,3.73
2025-02-16 1:45:52,3.75
2025-02-16 1:46:24,3.85
2025-02-16 1:46:56,3.75
2025-02-16 1:47:29,3.74
2025-02-16 1:48:01,3.73
2025-02-16 1:48:33,3.72
2025-02-16 1:49:06,3.72
2025-02-16 1:49:38,3.73
2025-02-16 1:50:10,3.73
2025-02-16 1:50:42,3.73
2025-02-16 1:51:14,3.72
2025-02-16 1:51:47,3.84
2025-02-16 1:52:19,3.72
2025-02-16 1:52:51,3.73
2025-02-16 1:53:23,3.72
2025-02-16 1:53:56,3.85
2025-02-16 1:54:28,3.83
2025-02-16 1:55:01,3.74
2025-02-16 1:55:33,3.74
2025-02-16 1:56:05,3.73
2025-02-16 1:56:37,3.73
2025-02-16 1:57:09,3.84
2025-02-16 1:57:41,3.82
2025-02-16 1:58:13,3.73
2025-02-16 1:58:47,3.85
2025-02-16 1:59:19,3.83
2025-02-16 1:59:52,3.74
2025-02-16 2:00:24,3.74
2025-02-16 2:00:56,3.73
2025-02-16 2:01:28,3.72
2025-02-16 2:02:00,3.74
2025-02-16 2:02:33,3.75
2025-02-16 2:03:05,3.72
2025-02-16 2:03:37,3.73
2025-02-16 2:04:09,3.74
2025-02-16 2:04:41,3.72
2025-02-16 2:05:14,3.75
2025-02-16 2:05:47,3.73
2025-02-16 2:06:19,3.86
2025-02-16 2:06:52,3.72
2025-02-16 2:07:24,3.84
2025-02-16 2:07:56,3.83
2025-02-16 2:08:28,3.82
2025-02-16 2:09:01,3.73
2025-02-16 2:09:33,3.82
2025-02-16 2:10:05,3.72
2025-02-16 2:10:37,3.75
2025-02-16 2:11:09,3.73
2025-02-16 2:11:42,3.74
2025-02-16 2:12:14,3.73
2025-02-16 2:12:46,3.74
2025-02-16 2:13:18,3.72
2025-02-16 2:13:50,3.73
2025-02-16 2:14:23,3.73
2025-02-16 2:14:55,3.72
2025-02-16 2:15:27,3.74
2025-02-16 2:16:00,3.71
2025-02-16 2:16:33,3.83
2025-02-16 2:17:05,3.83
2025-02-16 2:17:38,3.7
2025-02-16 2:18:10,3.72
2025-02-16 2:18:43,3.73
2025-02-16 2:19:15,3.73
2025-02-16 2:19:47,3.73
2025-02-16 2:20:19,3.81
2025-02-16 2:20:51,3.73
2025-02-16 2:21:25,3.72
2025-02-16 2:21:57,3.74
2025-02-16 2:22:33,3.72
2025-02-16 2:23:05,3.72
2025-02-16 2:23:38,3.72
2025-02-16 2:24:10,3.73
2025-02-16 2:24:42,3.72
2025-02-16 2:25:14,3.72
2025-02-16 2:25:46,3.71
2025-02-16 2:26:20,3.73
2025-02-16 2:26:52,3.82
2025-02-16 2:27:24,3.83
2025-02-16 2:27:56,3.83
2025-02-16 2:28:29,3.73
2025-02-16 2:29:01,3.72
2025-02-16 2:29:33,3.71
2025-02-16 2:30:05,3.83
2025-02-16 2:30:37,3.83
2025-02-16 2:31:09,3.83
2025-02-16 2:31:42,3.72
2025-02-16 2:32:14,3.71
2025-02-16 2:32:47,3.73
2025-02-16 2:33:19,3.71
2025-02-16 2:33:52,3.71
2025-02-16 2:34:24,3.72
2025-02-16 2:34:56,3.7
2025-02-16 2:35:28,3.72
2025-02-16 2:36:01,3.72
2025-02-16 2:36:33,3.71
2025-02-16 2:37:05,3.7
2025-02-16 2:37:37,3.73
2025-02-16 2:38:10,3.71
2025-02-16 2:38:42,3.72
2025-02-16 2:39:15,3.71
2025-02-16 2:39:48,3.72
2025-02-16 2:40:21,3.7
2025-02-16 2:40:53,3.72
2025-02-16 2:41:26,3.73
2025-02-16 2:41:59,3.72
2025-02-16 2:42:31,3.72
2025-02-16 2:43:03,3.72
2025-02-16 2:43:36,3.72
2025-02-16 2:44:08,3.72
2025-02-16 2:44:40,3.71
2025-02-16 2:45:13,3.69
2025-02-16 2:45:45,3.71
2025-02-16 2:46:18,3.7
2025-02-16 2:46:50,3.72
2025-02-16 2:47:22,3.7
2025-02-16 2:47:54,3.7
2025-02-16 2:48:26,3.72
2025-02-16 2:48:59,3.71
2025-02-16 2:49:31,3.7
2025-02-16 2:50:03,3.72
2025-02-16 2:50:35,3.72
2025-02-16 2:51:07,3.71
2025-02-16 2:51:46,3.72
2025-02-16 2:52:18,3.72
2025-02-16 2:52:51,3.7
2025-02-16 2:53:24,3.81
2025-02-16 2:53:56,3.72
2025-02-16 2:54:28,3.7
2025-02-16 2:55:00,3.7
2025-02-16 2:55:32,3.69
2025-02-16 2:56:05,3.71
2025-02-16 2:56:37,3.72
2025-02-16 2:57:10,3.71
2025-02-16 2:57:42,3.7
2025-02-16 2:58:14,3.8
2025-02-16 2:58:46,3.71
2025-02-16 2:59:18,3.82
2025-02-16 2:59:50,3.69
2025-02-16 3:00:23,3.72
2025-02-16 3:00:55,3.71
2025-02-16 3:01:27,3.71
2025-02-16 3:01:59,3.72
2025-02-16 3:02:31,3.7
2025-02-16 3:03:04,3.71
2025-02-16 3:03:36,3.68
2025-02-16 3:04:08,3.7
2025-02-16 3:04:40,3.71
2025-02-16 3:05:12,3.71
2025-02-16 3:05:44,3.71
2025-02-16 3:06:17,3.69
2025-02-16 3:06:49,3.74
2025-02-16 3:07:21,3.7
2025-02-16 3:07:54,3.7
2025-02-16 3:08:26,3.71
2025-02-16 3:08:58,3.8
2025-02-16 3:09:31,3.7
2025-02-16 3:10:03,3.81
2025-02-16 3:10:35,3.8
2025-02-16 3:11:07,3.69
2025-02-16 3:11:39,3.69
2025-02-16 3:12:11,3.71
2025-02-16 3:12:44,3.7
2025-02-16 3:13:16,3.72
2025-02-16 3:13:48,3.71
2025-02-16 3:14:20,3.8
2025-02-16 3:14:52,3.7
2025-02-16 3:15:24,3.8
2025-02-16 3:15:57,3.7
2025-02-16 3:16:29,3.7
2025-02-16 3:17:01,3.7
2025-02-16 3:17:33,3.69
2025-02-16 3:18:06,3.71
2025-02-16 3:18:38,3.69
2025-02-16 3:19:10,3.69
2025-02-16 3:19:42,3.69
2025-02-16 3:20:14,3.81
2025-02-16 3:20:47,3.69
2025-02-16 3:21:19,3.71
2025-02-16 3:21:51,3.71
2025-02-16 3:22:23,3.7
2025-02-16 3:22:56,3.68
2025-02-16 3:23:28,3.7
2025-02-16 3:24:01,3.8
2025-02-16 3:24:33,3.8
2025-02-16 3:25:05,3.81
2025-02-16 3:25:37,3.68
2025-02-16 3:26:10,3.69
2025-02-16 3:26:42,3.69
2025-02-16 3:27:14,3.7
2025-02-16 3:27:46,3.8
2025-02-16 3:28:18,3.8
2025-02-16 3:28:51,3.68
2025-02-16 3:29:23,3.7
2025-02-16 3:29:55,3.7
2025-02-16 3:30:27,3.7
2025-02-16 3:30:59,3.68
2025-02-16 3:31:32,3.7
2025-02-16 3:32:04,3.68
2025-02-16 3:32:36,3.69
2025-02-16 3:33:08,3.68
2025-02-16 3:33:40,3.79
2025-02-16 3:34:12,3.7
2025-02-16 3:34:45,3.8
2025-02-16 3:35:17,3.69
2025-02-16 3:35:49,3.67
2025-02-16 3:36:21,3.7
2025-02-16 3:36:53,3.68
2025-02-16 3:37:26,3.69
2025-02-16 3:37:58,3.68
2025-02-16 3:38:30,3.7
2025-02-16 3:39:02,3.69
2025-02-16 3:39:34,3.68
2025-02-16 3:40:07,3.69
2025-02-16 3:40:39,3.7
2025-02-16 3:41:11,3.69
2025-02-16 3:41:43,3.69
2025-02-16 3:42:15,3.69
2025-02-16 3:42:47,3.8
2025-02-16 3:43:20,3.7
2025-02-16 3:43:52,3.69
2025-02-16 3:44:24,3.68
2025-02-16 3:44:56,3.69
2025-02-16 3:45:28,3.69
2025-02-16 3:46:00,3.8
2025-02-16 3:46:33,3.69
2025-02-16 3:47:05,3.69
2025-02-16 3:47:37,3.69
2025-02-16 3:48:09,3.78
2025-02-16 3:48:41,3.79
2025-02-16 3:49:13,3.78
2025-02-16 3:49:46,3.68
2025-02-16 3:50:18,3.69
2025-02-16 3:50:50,3.68
2025-02-16 3:51:22,3.79
2025-02-16 3:51:54,3.68
2025-02-16 3:52:27,3.7
2025-02-16 3:52:59,3.68
2025-02-16 3:53:31,3.69
2025-02-16 3:54:03,3.79
2025-02-16 3:54:35,3.68
2025-02-16 3:55:07,3.69
2025-02-16 3:55:39,3.67
2025-02-16 3:56:12,3.69
2025-02-16 3:56:44,3.79
2025-02-16 3:57:16,3.78
2025-02-16 3:57:48,3.68
2025-02-16 3:58:20,3.68
2025-02-16 3:58:52,3.68
2025-02-16 3:59:25,3.79
2025-02-16 3:59:57,3.69
2025-02-16 4:00:29,3.67
2025-02-16 4:01:01,3.69
2025-02-16 4:01:33,3.68
2025-02-16 4:02:07,3.69
2025-02-16 4:02:39,3.68
2025-02-16 4:03:16,3.67
2025-02-16 4:03:48,3.69
2025-02-16 4:04:20,3.79
2025-02-16 4:04:52,3.77
2025-02-16 4:05:24,3.79
2025-02-16 4:05:57,3.69
2025-02-16 4:06:29,3.68
2025-02-16 4:07:01,3.69
2025-02-16 4:07:33,3.67
2025-02-16 4:08:06,3.78
2025-02-16 4:08:38,3.77
2025-02-16 4:09:10,3.68
2025-02-16 4:09:42,3.69
2025-02-16 4:10:14,3.67
2025-02-16 4:10:46,3.78
2025-02-16 4:11:18,3.78
2025-02-16 4:11:51,3.68
2025-02-16 4:12:23,3.77
2025-02-16 4:12:55,3.79
2025-02-16 4:13:27,3.78
2025-02-16 4:13:59,3.67
2025-02-16 4:14:32,3.67
2025-02-16 4:15:04,3.67
2025-02-16 4:15:36,3.67
2025-02-16 4:16:08,3.68
2025-02-16 4:16:40,3.69
2025-02-16 4:17:13,3.68
2025-02-16 4:17:45,3.68
2025-02-16 4:18:17,3.67
2025-02-16 4:18:49,3.69
2025-02-16 4:19:21,3.77
2025-02-16 4:19:53,3.78
2025-02-16 4:20:26,3.67
2025-02-16 4:20:58,3.67
2025-02-16 4:21:30,3.77
2025-02-16 4:22:02,3.79
2025-02-16 4:22:35,3.67
2025-02-16 4:23:07,3.67
2025-02-16 4:23:39,3.68
2025-02-16 4:24:12,3.77
2025-02-16 4:24:44,3.78
2025-02-16 4:25:16,3.77
2025-02-16 4:25:48,3.67
2025-02-16 4:26:20,3.67
2025-02-16 4:26:53,3.67
2025-02-16 4:27:25,3.66
2025-02-16 4:27:57,3.67
2025-02-16 4:28:29,3.67
2025-02-16 4:29:02,3.67
2025-02-16 4:29:34,3.66
2025-02-16 4:30:06,3.66
2025-02-16 4:30:38,3.67
2025-02-16 4:31:10,3.67
2025-02-16 4:31:42,3.67
2025-02-16 4:32:14,3.77
2025-02-16 4:32:47,3.77
2025-02-16 4:33:19,3.65
2025-02-16 4:33:51,3.67
2025-02-16 4:34:23,3.67
2025-02-16 4:34:55,3.67
2025-02-16 4:35:27,3.68
2025-02-16 4:36:00,3.77
2025-02-16 4:36:32,3.66
2025-02-16 4:37:04,3.67
2025-02-16 4:37:36,3.67
2025-02-16 4:38:08,3.67
2025-02-16 4:38:41,3.66
2025-02-16 4:39:13,3.66
2025-02-16 4:39:45,3.66
2025-02-16 4:40:17,3.65
2025-02-16 4:40:49,3.65
2025-02-16 4:41:22,3.67
2025-02-16 4:41:54,3.65
2025-02-16 4:42:26,3.66
2025-02-16 4:42:58,3.66
2025-02-16 4:43:32,3.66
2025-02-16 4:44:04,3.67
2025-02-16 4:44:36,3.67
2025-02-16 4:45:09,3.66
2025-02-16 4:45:42,3.67
2025-02-16 4:46:14,3.66
2025-02-16 4:46:47,3.65
2025-02-16 4:47:19,3.76
2025-02-16 4:47:51,3.66
2025-02-16 4:48:23,3.66
2025-02-16 4:48:55,3.65
2025-02-16 4:49:28,3.64
2025-02-16 4:50:00,3.66
2025-02-16 4:50:32,3.67
2025-02-16 4:51:05,3.76
2025-02-16 4:51:37,3.65
2025-02-16 4:52:09,3.76
2025-02-16 4:52:41,3.75
2025-02-16 4:53:13,3.66
2025-02-16 4:53:46,3.64
2025-02-16 4:54:18,3.67
2025-02-16 4:54:50,3.66
2025-02-16 4:55:22,3.65
2025-02-16 4:55:54,3.76
2025-02-16 4:56:26,3.76
2025-02-16 4:56:58,3.76
2025-02-16 4:57:32,3.76
2025-02-16 4:58:04,3.66
2025-02-16 4:58:36,3.65
2025-02-16 4:59:09,3.65
2025-02-16 4:59:41,3.64
2025-02-16 5:00:13,3.63
2025-02-16 5:00:45,3.65
2025-02-16 5:01:18,3.65
2025-02-16 5:01:50,3.64
2025-02-16 5:02:22,3.66
2025-02-16 5:02:54,3.65
2025-02-16 5:03:27,3.75
2025-02-16 5:03:59,3.64
2025-02-16 5:04:31,3.65
2025-02-16 5:05:03,3.65
2025-02-16 5:05:35,3.64
2025-02-16 5:06:08,3.65
2025-02-16 5:06:40,3.64
2025-02-16 5:07:12,3.65
2025-02-16 5:07:46,3.64
2025-02-16 5:08:18,3.65
2025-02-16 5:08:50,3.77
2025-02-16 5:09:22,3.76
2025-02-16 5:09:54,3.76
2025-02-16 5:10:26,3.65
2025-02-16 5:10:58,3.62
2025-02-16 5:11:31,3.66
2025-02-16 5:12:03,3.65
2025-02-16 5:12:35,3.66
2025-02-16 5:13:07,3.66
2025-02-16 5:13:40,3.64
2025-02-16 5:14:12,3.75
2025-02-16 5:14:44,3.66
2025-02-16 5:15:16,3.64
2025-02-16 5:15:48,3.65
2025-02-16 5:16:21,3.64
2025-02-16 5:16:53,3.76
2025-02-16 5:17:25,3.75
2025-02-16 5:17:57,3.74
2025-02-16 5:18:29,3.64
2025-02-16 5:19:01,3.66
2025-02-16 5:19:33,3.64
2025-02-16 5:20:07,3.75
2025-02-16 5:20:39,3.74
2025-02-16 5:21:11,3.76
2025-02-16 5:21:44,3.75
2025-02-16 5:22:16,3.65
2025-02-16 5:22:48,3.64
2025-02-16 5:23:20,3.66
2025-02-16 5:23:52,3.64
2025-02-16 5:24:24,3.74
2025-02-16 5:24:56,3.75
2025-02-16 5:25:29,3.76
2025-02-16 5:26:01,3.66
2025-02-16 5:26:34,3.64
2025-02-16 5:27:06,3.64
2025-02-16 5:27:38,3.66
2025-02-16 5:28:10,3.66
2025-02-16 5:28:43,3.65
2025-02-16 5:29:15,3.65
2025-02-16 5:29:47,3.65
2025-02-16 5:30:19,3.74
2025-02-16 5:30:51,3.76
2025-02-16 5:31:24,3.75
2025-02-16 5:31:56,3.64
2025-02-16 5:32:28,3.75
2025-02-16 5:33:00,3.65
2025-02-16 5:33:32,3.63
2025-02-16 5:34:04,3.64
2025-02-16 5:34:36,3.64
2025-02-16 5:35:09,3.64
2025-02-16 5:35:41,3.76
2025-02-16 5:36:13,3.73
2025-02-16 5:36:45,3.63
2025-02-16 5:37:17,3.63
2025-02-16 5:37:50,3.65
2025-02-16 5:38:22,3.64
2025-02-16 5:38:54,3.62
2025-02-16 5:39:26,3.74
2025-02-16 5:39:58,3.63
2025-02-16 5:40:30,3.65
2025-02-16 5:41:02,3.64
2025-02-16 5:41:35,3.64
2025-02-16 5:42:07,3.64
2025-02-16 5:42:39,3.63
2025-02-16 5:43:11,3.63
2025-02-16 5:43:43,3.64
2025-02-16 5:44:15,3.62
2025-02-16 5:44:48,3.62
2025-02-16 5:45:26,3.75
2025-02-16 5:45:58,3.63
2025-02-16 5:46:31,3.63
2025-02-16 5:47:03,3.74
2025-02-16 5:47:35,3.74
2025-02-16 5:48:07,3.74
2025-02-16 5:48:39,3.63
2025-02-16 5:49:11,3.63
2025-02-16 5:49:44,3.62
2025-02-16 5:50:16,3.63
2025-02-16 5:50:48,3.73
2025-02-16 5:51:20,3.75
2025-02-16 5:51:52,3.75
2025-02-16 5:52:25,3.62
2025-02-16 5:52:57,3.64
2025-02-16 5:53:29,3.65
2025-02-16 5:54:01,3.63
2025-02-16 5:54:34,3.72
2025-02-16 5:55:07,3.63
2025-02-16 5:55:39,3.61
2025-02-16 5:56:12,3.63
2025-02-16 5:56:44,3.64
2025-02-16 5:57:17,3.61
2025-02-16 5:57:49,3.63
2025-02-16 5:58:22,3.62
2025-02-16 5:58:54,3.62
2025-02-16 5:59:27,3.62
2025-02-16 5:59:59,3.63
2025-02-16 6:00:31,3.61
2025-02-16 6:01:03,3.73
2025-02-16 6:01:35,3.73
2025-02-16 6:02:07,3.63
2025-02-16 6:02:40,3.63
2025-02-16 6:03:12,3.62
2025-02-16 6:03:44,3.63
2025-02-16 6:04:16,3.73
2025-02-16 6:04:48,3.61
2025-02-16 6:05:21,3.63
2025-02-16 6:05:53,3.63
2025-02-16 6:06:25,3.62
2025-02-16 6:06:57,3.72
2025-02-16 6:07:30,3.63
2025-02-16 6:08:02,3.63
2025-02-16 6:08:34,3.61
2025-02-16 6:09:06,3.63
2025-02-16 6:09:38,3.63
2025-02-16 6:10:10,3.73
2025-02-16 6:10:43,3.63
2025-02-16 6:11:15,3.63
2025-02-16 6:11:47,3.63
2025-02-16 6:12:20,3.73
2025-02-16 6:12:53,3.73
2025-02-16 6:13:25,3.73
2025-02-16 6:13:57,3.61
2025-02-16 6:14:29,3.62
2025-02-16 6:15:01,3.72
2025-02-16 6:15:33,3.63
2025-02-16 6:16:07,3.73
2025-02-16 6:16:39,3.62
2025-02-16 6:17:13,3.72
2025-02-16 6:17:46,3.73
2025-02-16 6:18:19,3.62
2025-02-16 6:18:51,3.64
2025-02-16 6:19:23,3.61
2025-02-16 6:19:55,3.73
2025-02-16 6:20:28,3.72
2025-02-16 6:21:00,3.71
2025-02-16 6:21:32,3.62
2025-02-16 6:22:04,3.61
2025-02-16 6:22:37,3.62
2025-02-16 6:23:09,3.63
2025-02-16 6:23:42,3.62
2025-02-16 6:24:15,3.62
2025-02-16 6:24:47,3.72
2025-02-16 6:25:19,3.62
2025-02-16 6:25:51,3.62
2025-02-16 6:26:23,3.61
2025-02-16 6:26:58,3.62
2025-02-16 6:27:30,3.6
2025-02-16 6:28:03,3.63
2025-02-16 6:28:35,3.61
2025-02-16 6:29:08,3.61
2025-02-16 6:29:40,3.61
2025-02-16 6:30:12,3.61
2025-02-16 6:30:44,3.61
2025-02-16 6:31:18,3.72
2025-02-16 6:31:50,3.6
2025-02-16 6:32:22,3.6
2025-02-16 6:32:54,3.61
2025-02-16 6:33:26,3.61
2025-02-16 6:33:58,3.62
2025-02-16 6:34:31,3.62
2025-02-16 6:35:03,3.61
2025-02-16 6:35:35,3.61
2025-02-16 6:36:08,3.61
2025-02-16 6:36:40,3.61
2025-02-16 6:37:14,3.62
2025-02-16 6:37:46,3.54
2025-02-16 6:38:18,3.63
2025-02-16 6:38:50,3.62
2025-02-16 6:39:22,3.61
2025-02-16 6:39:54,3.61
2025-02-16 6:40:26,3.62
2025-02-16 6:40:59,3.59
2025-02-16 6:41:31,3.61
2025-02-16 6:42:03,3.62
2025-02-16 6:42:35,3.61
2025-02-16 6:43:08,3.61
2025-02-16 6:43:40,3.72
2025-02-16 6:44:12,3.61
2025-02-16 6:44:45,3.61
2025-02-16 6:45:17,3.61
2025-02-16 6:45:49,3.61
2025-02-16 6:46:21,3.61
2025-02-16 6:46:53,3.63
2025-02-16 6:47:26,3.63
2025-02-16 6:47:58,3.6
2025-02-16 6:48:30,3.61
2025-02-16 6:49:02,3.6
2025-02-16 6:49:35,3.72
2025-02-16 6:50:07,3.63
2025-02-16 6:50:39,3.59
2025-02-16 6:51:11,3.61
2025-02-16 6:51:44,3.72
2025-02-16 6:52:16,3.6
2025-02-16 6:52:48,3.61
2025-02-16 6:53:20,3.6
2025-02-16 6:53:54,3.6
2025-02-16 6:54:26,3.61
2025-02-16 6:54:58,3.61
2025-02-16 6:55:30,3.6
2025-02-16 6:56:02,3.6
2025-02-16 6:56:35,3.71
2025-02-16 6:57:07,3.72
2025-02-16 6:57:39,3.6
2025-02-16 6:58:11,3.61
2025-02-16 6:58:43,3.6
2025-02-16 6:59:16,3.61
2025-02-16 6:59:48,3.71
2025-02-16 7:00:20,3.71
2025-02-16 7:00:52,3.61
2025-02-16 7:01:24,3.6
2025-02-16 7:01:56,3.6
2025-02-16 7:02:28,3.6
2025-02-16 7:03:01,3.6
2025-02-16 7:03:33,3.71
2025-02-16 7:04:05,3.61
2025-02-16 7:04:37,3.71
2025-02-16 7:05:09,3.7
2025-02-16 7:05:42,3.71
2025-02-16 7:06:14,3.61
2025-02-16 7:06:46,3.6
2025-02-16 7:07:19,3.6
2025-02-16 7:07:51,3.61
2025-02-16 7:08:23,3.61
2025-02-16 7:08:55,3.71
2025-02-16 7:09:27,3.71
2025-02-16 7:09:59,3.7
2025-02-16 7:10:32,3.7
2025-02-16 7:11:04,3.71
2025-02-16 7:11:36,3.6
2025-02-16 7:12:08,3.71
2025-02-16 7:12:40,3.6
2025-02-16 7:13:13,3.6
2025-02-16 7:13:45,3.6
2025-02-16 7:14:17,3.7
2025-02-16 7:14:49,3.71
2025-02-16 7:15:21,3.61
2025-02-16 7:15:53,3.6
2025-02-16 7:16:26,3.61
2025-02-16 7:16:58,3.6
2025-02-16 7:17:30,3.71
2025-02-16 7:18:02,3.7
2025-02-16 7:18:34,3.6
2025-02-16 7:19:06,3.6
2025-02-16 7:19:38,3.61
2025-02-16 7:20:11,3.59
2025-02-16 7:20:43,3.6
2025-02-16 7:21:15,3.59
2025-02-16 7:21:47,3.6
2025-02-16 7:22:19,3.6
2025-02-16 7:22:51,3.7
2025-02-16 7:23:23,3.6
2025-02-16 7:23:58,3.6
2025-02-16 7:24:30,3.61
2025-02-16 7:25:05,3.6
2025-02-16 7:25:41,3.61
2025-02-16 7:26:13,3.61
2025-02-16 7:26:49,3.6
2025-02-16 7:27:22,3.6
2025-02-16 7:27:54,3.59
2025-02-16 7:28:26,3.58
2025-02-16 7:28:58,3.59
2025-02-16 7:29:30,3.59
2025-02-16 7:30:03,3.61
2025-02-16 7:30:35,3.6
2025-02-16 7:31:07,3.58
2025-02-16 7:31:39,3.6
2025-02-16 7:32:11,3.57
2025-02-16 7:32:44,3.6
2025-02-16 7:33:16,3.6
2025-02-16 7:33:48,3.59
2025-02-16 7:34:20,3.58
2025-02-16 7:34:53,3.58
2025-02-16 7:35:25,3.58
2025-02-16 7:35:57,3.59
2025-02-16 7:36:29,3.59
2025-02-16 7:37:01,3.7
2025-02-16 7:37:33,3.57
2025-02-16 7:38:06,3.68
2025-02-16 7:38:38,3.58
2025-02-16 7:39:11,3.59
2025-02-16 7:39:43,3.59
2025-02-16 7:40:15,3.6
2025-02-16 7:40:47,3.58
2025-02-16 7:41:20,3.59
2025-02-16 7:41:52,3.59
2025-02-16 7:42:24,3.59
2025-02-16 7:42:56,3.57
2025-02-16 7:43:28,3.7
2025-02-16 7:44:00,3.58
2025-02-16 7:44:32,3.58
2025-02-16 7:45:05,3.57
2025-02-16 7:45:37,3.7
2025-02-16 7:46:09,3.59
2025-02-16 7:46:41,3.57
2025-02-16 7:47:13,3.57
2025-02-16 7:47:46,3.69
2025-02-16 7:48:18,3.69
2025-02-16 7:48:50,3.68
2025-02-16 7:49:23,3.58
2025-02-16 7:49:55,3.59
2025-02-16 7:50:27,3.58
2025-02-16 7:50:59,3.58
2025-02-16 7:51:31,3.59
2025-02-16 7:52:04,3.58
2025-02-16 7:52:36,3.68
2025-02-16 7:53:08,3.68
2025-02-16 7:53:40,3.58
2025-02-16 7:54:13,3.58
2025-02-16 7:54:45,3.58
2025-02-16 7:55:17,3.58
2025-02-16 7:55:49,3.58
2025-02-16 7:56:21,3.57
2025-02-16 7:56:53,3.58
2025-02-16 7:57:26,3.57
2025-02-16 7:57:58,3.58
2025-02-16 7:58:30,3.59
2025-02-16 7:59:02,3.59
2025-02-16 7:59:34,3.68
2025-02-16 8:00:07,3.68
2025-02-16 8:00:39,3.67
2025-02-16 8:01:11,3.67
2025-02-16 8:01:43,3.58
2025-02-16 8:02:15,3.58
2025-02-16 8:02:48,3.58
2025-02-16 8:03:20,3.59
2025-02-16 8:03:54,3.57
2025-02-16 8:04:26,3.69
2025-02-16 8:04:58,3.58
2025-02-16 8:05:30,3.59
2025-02-16 8:06:02,3.57
2025-02-16 8:06:34,3.69
2025-02-16 8:07:07,3.57
2025-02-16 8:07:39,3.57
2025-02-16 8:08:11,3.59
2025-02-16 8:08:44,3.58
2025-02-16 8:09:16,3.57
2025-02-16 8:09:48,3.57
2025-02-16 8:10:20,3.58
2025-02-16 8:10:52,3.68
2025-02-16 8:11:24,3.68
2025-02-16 8:11:56,3.69
2025-02-16 8:12:29,3.66
2025-02-16 8:13:01,3.68
2025-02-16 8:13:33,3.58
2025-02-16 8:14:05,3.59
2025-02-16 8:14:37,3.57
2025-02-16 8:15:10,3.58
2025-02-16 8:15:42,3.58
2025-02-16 8:16:14,3.58
2025-02-16 8:16:46,3.57
2025-02-16 8:17:19,3.57
2025-02-16 8:17:51,3.57
2025-02-16 8:18:23,3.57
2025-02-16 8:18:55,3.69
2025-02-16 8:19:27,3.58
2025-02-16 8:19:59,3.57
2025-02-16 8:20:31,3.58
2025-02-16 8:21:04,3.67
2025-02-16 8:21:36,3.69
2025-02-16 8:22:08,3.67
2025-02-16 8:22:40,3.56
2025-02-16 8:23:12,3.68
2025-02-16 8:23:44,3.57
2025-02-16 8:24:17,3.57
2025-02-16 8:24:49,3.57
2025-02-16 8:25:21,3.68
2025-02-16 8:25:53,3.69
2025-02-16 8:26:25,3.67
2025-02-16 8:26:57,3.58
2025-02-16 8:27:30,3.57
2025-02-16 8:28:02,3.57
2025-02-16 8:28:34,3.58
2025-02-16 8:29:06,3.58
2025-02-16 8:29:39,3.57
2025-02-16 8:30:11,3.56
2025-02-16 8:30:43,3.57
2025-02-16 8:31:15,3.57
2025-02-16 8:31:47,3.57
2025-02-16 8:32:19,3.56
2025-02-16 8:32:52,3.57
2025-02-16 8:33:24,3.56
2025-02-16 8:33:56,3.56
2025-02-16 8:34:28,3.58
2025-02-16 8:35:00,3.68
2025-02-16 8:35:33,3.67
2025-02-16 8:36:05,3.56
2025-02-16 8:36:37,3.56
2025-02-16 8:37:09,3.56
2025-02-16 8:37:41,3.54
2025-02-16 8:38:13,3.57
2025-02-16 8:38:46,3.67
2025-02-16 8:39:18,3.57
2025-02-16 8:39:50,3.67
2025-02-16 8:40:22,3.56
2025-02-16 8:40:54,3.67
2025-02-16 8:41:27,3.55
2025-02-16 8:41:59,3.55
2025-02-16 8:42:31,3.56
2025-02-16 8:43:03,3.56
2025-02-16 8:43:36,3.57
2025-02-16 8:44:08,3.57
2025-02-16 8:44:40,3.55
2025-02-16 8:45:12,3.56
2025-02-16 8:45:44,3.56
2025-02-16 8:46:16,3.54
2025-02-16 8:46:48,3.65
2025-02-16 8:47:21,3.66
2025-02-16 8:47:53,3.56
2025-02-16 8:48:25,3.55
2025-02-16 8:48:57,3.57
2025-02-16 8:49:29,3.65
2025-02-16 8:50:01,3.67
2025-02-16 8:50:33,3.67
2025-02-16 8:51:06,3.68
2025-02-16 8:51:38,3.56
2025-02-16 8:52:10,3.55
2025-02-16 8:52:42,3.57
2025-02-16 8:53:14,3.56
2025-02-16 8:53:46,3.55
2025-02-16 8:54:19,3.56
2025-02-16 8:54:51,3.57
2025-02-16 8:55:23,3.55
2025-02-16 8:55:55,3.57
2025-02-16 8:56:28,3.54
2025-02-16 8:57:00,3.57
2025-02-16 8:57:32,3.55
2025-02-16 8:58:05,3.55
2025-02-16 8:58:37,3.67
2025-02-16 8:59:09,3.55
2025-02-16 8:59:41,3.55
2025-02-16 9:00:13,3.55
2025-02-16 9:00:46,3.55
2025-02-16 9:01:18,3.55
2025-02-16 9:01:50,3.55
2025-02-16 9:02:22,3.55
2025-02-16 9:02:54,3.55
2025-02-16 9:03:26,3.54
2025-02-16 9:03:58,3.65
2025-02-16 9:04:31,3.55
2025-02-16 9:05:03,3.55
2025-02-16 9:05:35,3.54
2025-02-16 9:06:07,3.55
2025-02-16 9:06:39,3.65
2025-02-16 9:07:12,3.56
2025-02-16 9:07:44,3.54
2025-02-16 9:08:16,3.53
2025-02-16 9:08:48,3.53
2025-02-16 9:09:25,3.55
2025-02-16 9:09:57,3.55
2025-02-16 9:10:32,3.66
2025-02-16 9:11:04,3.65
2025-02-16 9:11:36,3.54
2025-02-16 9:12:08,3.55
2025-02-16 9:12:40,3.56
2025-02-16 9:13:13,3.64
2025-02-16 9:13:45,3.65
2025-02-16 9:14:17,3.55
2025-02-16 9:14:49,3.55
2025-02-16 9:15:21,3.54
2025-02-16 9:15:53,3.55
2025-02-16 9:16:26,3.66
2025-02-16 9:16:58,3.65
2025-02-16 9:17:30,3.55
2025-02-16 9:18:02,3.65
2025-02-16 9:18:34,3.65
2025-02-16 9:19:07,3.68
2025-02-16 9:19:39,3.54
2025-02-16 9:20:11,3.64
2025-02-16 9:20:43,3.55
2025-02-16 9:21:16,3.55
2025-02-16 9:21:48,3.55
2025-02-16 9:22:21,3.55
2025-02-16 9:22:53,3.55
2025-02-16 9:23:25,3.53
2025-02-16 9:23:58,3.55
2025-02-16 9:24:30,3.53
2025-02-16 9:25:02,3.66
2025-02-16 9:25:34,3.54
2025-02-16 9:26:06,3.55
2025-02-16 9:26:38,3.54
2025-02-16 9:27:10,3.54
2025-02-16 9:27:43,3.53
2025-02-16 9:28:15,3.65
2025-02-16 9:28:47,3.56
2025-02-16 9:29:19,3.56
2025-02-16 9:29:51,3.55
2025-02-16 9:30:23,3.54
2025-02-16 9:30:56,3.55
2025-02-16 9:31:28,3.53
2025-02-16 9:32:00,3.54
2025-02-16 9:32:32,3.66
2025-02-16 9:33:04,3.65
2025-02-16 9:33:36,3.63
2025-02-16 9:34:10,3.53
2025-02-16 9:34:42,3.54
2025-02-16 9:35:14,3.55
2025-02-16 9:35:46,3.55
2025-02-16 9:36:18,3.54
2025-02-16 9:36:51,3.54
2025-02-16 9:37:23,3.55
2025-02-16 9:37:57,3.64
2025-02-16 9:38:29,3.64
2025-02-16 9:39:02,3.54
2025-02-16 9:39:34,3.66
2025-02-16 9:40:06,3.66
2025-02-16 9:40:39,3.54
2025-02-16 9:41:11,3.53
2025-02-16 9:41:43,3.55
2025-02-16 9:42:16,3.65
2025-02-16 9:42:48,3.54
2025-02-16 9:43:20,3.64
2025-02-16 9:43:53,3.52
2025-02-16 9:44:25,3.53
2025-02-16 9:44:57,3.54
2025-02-16 9:45:29,3.66
2025-02-16 9:46:01,3.66
2025-02-16 9:46:33,3.53
2025-02-16 9:47:06,3.54
2025-02-16 9:47:38,3.56
2025-02-16 9:48:10,3.54
2025-02-16 9:48:42,3.53
2025-02-16 9:49:14,3.54
2025-02-16 9:49:47,3.53
2025-02-16 9:50:19,3.52
2025-02-16 9:50:52,3.53
2025-02-16 9:51:24,3.55
2025-02-16 9:51:56,3.55
2025-02-16 9:52:28,3.53
2025-02-16 9:53:00,3.53
2025-02-16 9:53:33,3.54
2025-02-16 9:54:05,3.52
2025-02-16 9:54:37,3.53
2025-02-16 9:55:09,3.54
2025-02-16 9:55:41,3.55
2025-02-16 9:56:13,3.54
2025-02-16 9:56:45,3.53
2025-02-16 9:57:18,3.64
2025-02-16 9:57:50,3.53
2025-02-16 9:58:22,3.51
2025-02-16 9:58:54,3.53
2025-02-16 9:59:26,3.53
2025-02-16 9:59:59,3.64
2025-02-16 10:00:31,3.53
2025-02-16 10:01:03,3.52
2025-02-16 10:01:35,3.52
2025-02-16 10:02:07,3.55
2025-02-16 10:02:40,3.54
2025-02-16 10:03:12,3.53
2025-02-16 10:03:44,3.55
2025-02-16 10:04:16,3.52
2025-02-16 10:04:48,3.54
2025-02-16 10:05:21,3.53
2025-02-16 10:05:53,3.63
2025-02-16 10:06:26,3.53
2025-02-16 10:06:58,3.52
2025-02-16 10:07:30,3.54
2025-02-16 10:08:02,3.54
2025-02-16 10:08:34,3.54
2025-02-16 10:09:06,3.53
2025-02-16 10:09:39,3.53
2025-02-16 10:10:11,3.51
2025-02-16 10:10:43,3.64
2025-02-16 10:11:15,3.52
2025-02-16 10:11:47,3.64
2025-02-16 10:12:19,3.54
2025-02-16 10:12:52,3.54
2025-02-16 10:13:24,3.52
2025-02-16 10:13:56,3.54
2025-02-16 10:14:28,3.64
2025-02-16 10:15:00,3.62
2025-02-16 10:15:32,3.62
2025-02-16 10:16:04,3.55
2025-02-16 10:16:37,3.53
2025-02-16 10:17:09,3.54
2025-02-16 10:17:41,3.51
2025-02-16 10:18:13,3.53
2025-02-16 10:18:45,3.53
2025-02-16 10:19:18,3.63
2025-02-16 10:19:50,3.53
2025-02-16 10:20:22,3.53
2025-02-16 10:20:55,3.5
2025-02-16 10:21:27,3.55
2025-02-16 10:21:59,3.52
2025-02-16 10:22:32,3.51
2025-02-16 10:23:04,3.52
2025-02-16 10:23:36,3.52
2025-02-16 10:24:08,3.53
2025-02-16 10:24:41,3.5
2025-02-16 10:25:13,3.63
2025-02-16 10:25:45,3.64
2025-02-16 10:26:17,3.52
2025-02-16 10:26:49,3.64
2025-02-16 10:27:21,3.61
2025-02-16 10:27:53,3.64
2025-02-16 10:28:26,3.54
2025-02-16 10:28:58,3.51
2025-02-16 10:29:30,3.52
2025-02-16 10:30:02,3.54
2025-02-16 10:30:34,3.52
2025-02-16 10:31:06,3.54
2025-02-16 10:31:39,3.64
2025-02-16 10:32:11,3.54
2025-02-16 10:32:43,3.51
2025-02-16 10:33:16,3.54
2025-02-16 10:33:48,3.52
2025-02-16 10:34:20,3.53
2025-02-16 10:34:52,3.63
2025-02-16 10:35:25,3.52
2025-02-16 10:35:57,3.54
2025-02-16 10:36:29,3.52
2025-02-16 10:37:02,3.51
2025-02-16 10:37:34,3.51
2025-02-16 10:38:06,3.53
2025-02-16 10:38:38,3.52
2025-02-16 10:39:10,3.51
2025-02-16 10:39:42,3.64
2025-02-16 10:40:14,3.65
2025-02-16 10:40:47,3.61
2025-02-16 10:41:19,3.52
2025-02-16 10:41:52,3.52
2025-02-16 10:42:24,3.5
2025-02-16 10:42:56,3.53
2025-02-16 10:43:29,3.51
2025-02-16 10:44:01,3.51
2025-02-16 10:44:33,3.51
2025-02-16 10:45:06,3.53
2025-02-16 10:45:38,3.51
2025-02-16 10:46:10,3.51
2025-02-16 10:46:42,3.53
2025-02-16 10:47:14,3.5
2025-02-16 10:47:46,3.52
2025-02-16 10:48:19,3.52
2025-02-16 10:48:51,3.51
2025-02-16 10:49:23,3.61
2025-02-16 10:49:56,3.62
2025-02-16 10:50:28,3.52
2025-02-16 10:51:00,3.5
2025-02-16 10:51:33,3.62
2025-02-16 10:52:05,3.49
2025-02-16 10:52:40,3.52
2025-02-16 10:53:13,3.49
2025-02-16 10:53:47,3.51
2025-02-16 10:54:19,3.52
2025-02-16 10:54:51,3.63
2025-02-16 10:55:23,3.48
2025-02-16 10:55:55,3.51
2025-02-16 10:56:27,3.51
2025-02-16 10:57:00,3.51
2025-02-16 10:57:32,3.5
2025-02-16 10:58:04,3.51
2025-02-16 10:58:36,3.51
2025-02-16 10:59:08,3.51
2025-02-16 10:59:40,3.51
2025-02-16 11:00:13,3.52
2025-02-16 11:00:45,3.52
2025-02-16 11:01:17,3.5
2025-02-16 11:01:50,3.49
2025-02-16 11:02:23,3.52
2025-02-16 11:02:55,3.53
2025-02-16 11:03:28,3.5
2025-02-16 11:04:00,3.5
2025-02-16 11:04:32,3.5
2025-02-16 11:05:04,3.5
2025-02-16 11:05:37,3.51
2025-02-16 11:06:09,3.62
2025-02-16 11:06:41,3.61
2025-02-16 11:07:13,3.61
2025-02-16 11:07:46,3.5
2025-02-16 11:08:18,3.51
2025-02-16 11:08:50,3.63
2025-02-16 11:09:22,3.51
2025-02-16 11:09:55,3.51
2025-02-16 11:10:27,3.5
2025-02-16 11:10:59,3.52
2025-02-16 11:11:31,3.49
2025-02-16 11:12:03,3.51
2025-02-16 11:12:36,3.61
2025-02-16 11:13:08,3.51
2025-02-16 11:13:41,3.52
2025-02-16 11:14:13,3.49
2025-02-16 11:14:45,3.52
2025-02-16 11:15:17,3.52
2025-02-16 11:15:50,3.63
2025-02-16 11:16:22,3.62
2025-02-16 11:16:56,3.51
2025-02-16 11:17:28,3.51
2025-02-16 11:18:00,3.51
2025-02-16 11:18:32,3.48
2025-02-16 11:19:04,3.49
2025-02-16 11:19:37,3.49
2025-02-16 11:20:09,3.5
2025-02-16 11:20:41,3.49
2025-02-16 11:21:13,3.49
2025-02-16 11:21:45,3.49
2025-02-16 11:22:17,3.51
2025-02-16 11:22:50,3.63
2025-02-16 11:23:22,3.5
2025-02-16 11:23:54,3.51
2025-02-16 11:24:27,3.5
2025-02-16 11:24:59,3.61
2025-02-16 11:25:31,3.61
2025-02-16 11:26:03,3.5
2025-02-16 11:26:35,3.5
2025-02-16 11:27:07,3.5
2025-02-16 11:27:40,3.49
2025-02-16 11:28:12,3.62
2025-02-16 11:28:45,3.49
2025-02-16 11:29:17,3.52
2025-02-16 11:29:49,3.61
2025-02-16 11:30:21,3.49
2025-02-16 11:30:53,3.48
2025-02-16 11:31:26,3.51
2025-02-16 11:31:58,3.48
2025-02-16 11:32:30,3.52
2025-02-16 11:33:03,3.61
2025-02-16 11:33:35,3.51
2025-02-16 11:34:07,3.49
2025-02-16 11:34:39,3.5
2025-02-16 11:35:12,3.51
2025-02-16 11:35:44,3.5
2025-02-16 11:36:16,3.5
2025-02-16 11:36:48,3.51
2025-02-16 11:37:20,3.51
2025-02-16 11:37:52,3.49
2025-02-16 11:38:25,3.52
2025-02-16 11:38:57,3.5
2025-02-16 11:39:29,3.52
2025-02-16 11:40:01,3.62
2025-02-16 11:40:34,3.63
2025-02-16 11:41:06,3.61
2025-02-16 11:41:39,3.62
2025-02-16 11:42:11,3.51
2025-02-16 11:42:43,3.48
2025-02-16 11:43:15,3.51
2025-02-16 11:43:49,3.51
2025-02-16 11:44:21,3.61
2025-02-16 11:44:53,3.6
2025-02-16 11:45:26,3.51
2025-02-16 11:45:58,3.5
2025-02-16 11:46:30,3.49
2025-02-16 11:47:02,3.51
2025-02-16 11:47:34,3.49
2025-02-16 11:48:07,3.5
2025-02-16 11:48:39,3.49
2025-02-16 11:49:11,3.5
2025-02-16 11:49:43,3.5
2025-02-16 11:50:16,3.61
2025-02-16 11:50:48,3.5
2025-02-16 11:51:20,3.51
2025-02-16 11:51:52,3.51
2025-02-16 11:52:25,3.49
2025-02-16 11:52:57,3.5
2025-02-16 11:53:29,3.61
2025-02-16 11:54:02,3.62
2025-02-16 11:54:34,3.51
2025-02-16 11:55:06,3.49
2025-02-16 11:55:38,3.47
2025-02-16 11:56:10,3.51
2025-02-16 11:56:43,3.62
2025-02-16 11:57:15,3.49
2025-02-16 11:57:47,3.61
2025-02-16 11:58:19,3.63
2025-02-16 11:58:51,3.49
2025-02-16 11:59:24,3.49
2025-02-16 11:59:56,3.61
2025-02-16 12:00:28,3.6
2025-02-16 12:01:00,3.61
2025-02-16 12:01:33,3.63
2025-02-16 12:02:05,3.62
2025-02-16 12:02:37,3.49
2025-02-16 12:03:09,3.48
2025-02-16 12:03:41,3.49
2025-02-16 12:04:14,3.59
2025-02-16 12:04:46,3.62
2025-02-16 12:05:18,3.49
2025-02-16 12:05:51,3.49
2025-02-16 12:06:23,3.61
2025-02-16 12:06:55,3.49
2025-02-16 12:07:27,3.49
2025-02-16 12:07:59,3.61
2025-02-16 12:08:32,3.49
2025-02-16 12:09:04,3.49
2025-02-16 12:09:36,3.5
2025-02-16 12:10:08,3.61
2025-02-16 12:10:41,3.48
2025-02-16 12:11:13,3.62
2025-02-16 12:11:45,3.6
2025-02-16 12:12:17,3.59
2025-02-16 12:12:49,3.6
2025-02-16 12:13:22,3.51
2025-02-16 12:13:54,3.51
2025-02-16 12:14:26,3.51
2025-02-16 12:14:58,3.49
2025-02-16 12:15:31,3.49
2025-02-16 12:16:03,3.62
2025-02-16 12:16:35,3.61
2025-02-16 12:17:07,3.61
2025-02-16 12:17:39,3.48
2025-02-16 12:18:12,3.49
2025-02-16 12:18:44,3.49
2025-02-16 12:19:16,3.49
2025-02-16 12:19:48,3.61
2025-02-16 12:20:21,3.48
2025-02-16 12:20:53,3.49
2025-02-16 12:21:25,3.51
2025-02-16 12:21:57,3.5
2025-02-16 12:22:30,3.48
2025-02-16 12:23:02,3.47
2025-02-16 12:23:34,3.5
2025-02-16 12:24:06,3.49
2025-02-16 12:24:38,3.49
2025-02-16 12:25:11,3.5
2025-02-16 12:25:43,3.49
2025-02-16 12:26:15,3.49
2025-02-16 12:26:48,3.49
2025-02-16 12:27:20,3.49
2025-02-16 12:27:52,3.49
2025-02-16 12:28:24,3.47
2025-02-16 12:28:57,3.48
2025-02-16 12:29:29,3.48
2025-02-16 12:30:02,3.48
2025-02-16 12:30:34,3.49
2025-02-16 12:31:06,3.49
2025-02-16 12:31:38,3.49
2025-02-16 12:32:12,3.49
2025-02-16 12:32:47,3.51
2025-02-16 12:33:20,3.51
2025-02-16 12:33:53,3.47
2025-02-16 12:34:25,3.47
2025-02-16 12:34:57,3.47
2025-02-16 12:35:29,3.5
2025-02-16 12:36:02,3.61
2025-02-16 12:36:34,3.48
2025-02-16 12:37:06,3.5
2025-02-16 12:37:39,3.47
2025-02-16 12:38:11,3.49
2025-02-16 12:38:43,3.49
2025-02-16 12:39:15,3.49
2025-02-16 12:39:47,3.61
2025-02-16 12:40:20,3.49
2025-02-16 12:40:52,3.49
2025-02-16 12:41:24,3.49
2025-02-16 12:41:57,3.61
2025-02-16 12:42:29,3.49
2025-02-16 12:43:01,3.6
2025-02-16 12:43:33,3.5
2025-02-16 12:44:06,3.47
2025-02-16 12:44:38,3.48
2025-02-16 12:45:10,3.5
2025-02-16 12:45:42,3.49
2025-02-16 12:46:14,3.49
2025-02-16 12:46:46,3.6
2025-02-16 12:47:18,3.61
2025-02-16 12:47:50,3.49
2025-02-16 12:48:23,3.5
2025-02-16 12:48:55,3.6
2025-02-16 12:49:27,3.5
2025-02-16 12:49:59,3.49
2025-02-16 12:50:32,3.48
2025-02-16 12:51:04,3.58
2025-02-16 12:51:36,3.61
2025-02-16 12:52:08,3.61
2025-02-16 12:52:40,3.6
2025-02-16 12:53:12,3.48
2025-02-16 12:53:45,3.59
2025-02-16 12:54:17,3.48
2025-02-16 12:54:49,3.49
2025-02-16 12:55:22,3.6
2025-02-16 12:55:54,3.47
2025-02-16 12:56:26,3.49
2025-02-16 12:56:59,3.6
2025-02-16 12:57:31,3.48
2025-02-16 12:58:03,3.47
2025-02-16 12:58:35,3.49
2025-02-16 12:59:07,3.49
2025-02-16 12:59:39,3.47
2025-02-16 13:00:12,3.6
2025-02-16 13:00:44,3.61
2025-02-16 13:01:16,3.59
2025-02-16 13:01:49,3.61
2025-02-16 13:02:21,3.59
2025-02-16 13:02:53,3.47
2025-02-16 13:03:25,3.49
2025-02-16 13:03:57,3.47
2025-02-16 13:04:30,3.5
2025-02-16 13:05:02,3.49
2025-02-16 13:05:34,3.49
2025-02-16 13:06:06,3.61
2025-02-16 13:06:38,3.49
2025-02-16 13:07:11,3.48
2025-02-16 13:07:43,3.48
2025-02-16 13:08:15,3.47
2025-02-16 13:08:47,3.49
2025-02-16 13:09:19,3.49
2025-02-16 13:09:52,3.49
2025-02-16 13:10:24,3.48
2025-02-16 13:10:56,3.47
2025-02-16 13:11:28,3.49
2025-02-16 13:12:00,3.5
2025-02-16 13:12:33,3.48
2025-02-16 13:13:05,3.47
2025-02-16 13:13:37,3.59
2025-02-16 13:14:09,3.59
2025-02-16 13:14:41,3.5
2025-02-16 13:15:14,3.49
2025-02-16 13:15:46,3.47
2025-02-16 13:16:18,3.47
2025-02-16 13:16:52,3.61
2025-02-16 13:17:24,3.5
2025-02-16 13:17:57,3.47
2025-02-16 13:18:29,3.49
2025-02-16 13:19:01,3.59
2025-02-16 13:19:33,3.58
2025-02-16 13:20:05,3.6
2025-02-16 13:20:37,3.59
2025-02-16 13:21:09,3.59
2025-02-16 13:21:41,3.47
2025-02-16 13:22:14,3.48
2025-02-16 13:22:46,3.49
2025-02-16 13:23:18,3.47
2025-02-16 13:23:50,3.49
2025-02-16 13:24:23,3.49
2025-02-16 13:24:55,3.48
2025-02-16 13:25:27,3.59
2025-02-16 13:26:01,3.49
2025-02-16 13:26:33,3.46
2025-02-16 13:27:05,3.59
2025-02-16 13:27:37,3.59
2025-02-16 13:28:09,3.47
2025-02-16 13:28:42,3.49
2025-02-16 13:29:14,3.6
2025-02-16 13:29:46,3.49
2025-02-16 13:30:18,3.47
2025-02-16 13:30:51,3.47
2025-02-16 13:31:23,3.49
2025-02-16 13:31:55,3.49
2025-02-16 13:32:27,3.48
2025-02-16 13:33:00,3.47
2025-02-16 13:33:32,3.48
2025-02-16 13:34:04,3.49
2025-02-16 13:34:36,3.47
2025-02-16 13:35:08,3.47
2025-02-16 13:35:41,3.58
2025-02-16 13:36:13,3.46
2025-02-16 13:36:45,3.48
2025-02-16 13:37:17,3.47
2025-02-16 13:37:49,3.48
2025-02-16 13:38:21,3.48
2025-02-16 13:38:54,3.48
2025-02-16 13:39:26,3.59
2025-02-16 13:39:58,3.49
2025-02-16 13:40:30,3.49
2025-02-16 13:41:03,3.48
2025-02-16 13:41:35,3.49
2025-02-16 13:42:07,3.46
2025-02-16 13:42:39,3.48
2025-02-16 13:43:11,3.47
2025-02-16 13:43:44,3.46
2025-02-16 13:44:16,3.48
2025-02-16 13:44:48,3.47
2025-02-16 13:45:20,3.47
2025-02-16 13:45:53,3.46
2025-02-16 13:46:25,3.47
2025-02-16 13:46:57,3.59
2025-02-16 13:47:29,3.58
2025-02-16 13:48:01,3.48
2025-02-16 13:48:33,3.59
2025-02-16 13:49:05,3.48
2025-02-16 13:49:38,3.47
2025-02-16 13:50:10,3.49
2025-02-16 13:50:42,3.46
2025-02-16 13:51:14,3.46
2025-02-16 13:51:46,3.57
2025-02-16 13:52:18,3.58
2025-02-16 13:52:51,3.46
2025-02-16 13:53:23,3.47
2025-02-16 13:53:55,3.46
2025-02-16 13:54:27,3.47
2025-02-16 13:54:59,3.6
2025-02-16 13:55:31,3.57
2025-02-16 13:56:04,3.49
2025-02-16 13:56:36,3.49
2025-02-16 13:57:08,3.46
2025-02-16 13:57:40,3.48
2025-02-16 13:58:12,3.47
2025-02-16 13:58:45,3.46
2025-02-16 13:59:17,3.48
2025-02-16 13:59:49,3.47
2025-02-16 14:00:21,3.45
2025-02-16 14:00:54,3.47
2025-02-16 14:01:26,3.59
2025-02-16 14:01:58,3.47
2025-02-16 14:02:30,3.47
2025-02-16 14:03:03,3.47
2025-02-16 14:03:35,3.47
2025-02-16 14:04:07,3.46
2025-02-16 14:04:39,3.5
2025-02-16 14:05:11,3.47
2025-02-16 14:05:43,3.47
2025-02-16 14:06:16,3.47
2025-02-16 14:06:48,3.47
2025-02-16 14:07:20,3.48
2025-02-16 14:07:52,3.46
2025-02-16 14:08:24,3.49
2025-02-16 14:08:56,3.47
2025-02-16 14:09:29,3.46
2025-02-16 14:10:01,3.48
2025-02-16 14:10:33,3.48
2025-02-16 14:11:05,3.46
2025-02-16 14:11:38,3.47
2025-02-16 14:12:10,3.47
2025-02-16 14:12:42,3.48
2025-02-16 14:13:14,3.46
2025-02-16 14:13:46,3.48
2025-02-16 14:14:19,3.47
2025-02-16 14:14:51,3.47
2025-02-16 14:15:23,3.46
2025-02-16 14:15:56,3.48
2025-02-16 14:16:28,3.46
2025-02-16 14:17:17,3.46
2025-02-16 14:17:49,3.48
2025-02-16 14:18:30,3.47
2025-02-16 14:19:02,3.59
2025-02-16 14:19:34,3.47
2025-02-16 14:20:06,3.58
2025-02-16 14:20:39,3.47
2025-02-16 14:21:11,3.45
2025-02-16 14:21:43,3.46
2025-02-16 14:22:16,3.48
2025-02-16 14:22:51,3.48
2025-02-16 14:23:23,3.45
2025-02-16 14:23:56,3.46
2025-02-16 14:24:28,3.47
2025-02-16 14:25:02,3.48
2025-02-16 14:25:35,3.46
2025-02-16 14:26:07,3.47
2025-02-16 14:26:39,3.45
2025-02-16 14:27:11,3.47
2025-02-16 14:27:43,3.46
2025-02-16 14:28:15,3.47
2025-02-16 14:28:49,3.46
2025-02-16 14:29:21,3.45
2025-02-16 14:29:53,3.47
2025-02-16 14:30:25,3.47
2025-02-16 14:30:57,3.47
2025-02-16 14:31:29,3.47
2025-02-16 14:32:02,3.47
2025-02-16 14:32:34,3.47
2025-02-16 14:33:06,3.48
2025-02-16 14:33:38,3.47
2025-02-16 14:34:11,3.48
2025-02-16 14:34:43,3.45
2025-02-16 14:35:15,3.49
2025-02-16 14:35:47,3.45
2025-02-16 14:36:20,3.48
2025-02-16 14:36:52,3.47
2025-02-16 14:37:24,3.48
2025-02-16 14:37:56,3.46